timeInDeepZqPoints,startDate,timeToZ,awakeningsZqPoints,dayFeel,alarmRingIndex,morningFeel,timeInWakePercentage,wakeWindowEndIndex,alarmReason,totalZ,timeInWakeZqPoints,riseTime,timeInRemZqPoints,timeInLight,timeInDeep,wakeWindowShow,timeInWake,sleepStealerScore,timeInRem,totalZZqPoints,timeInRemPercentage,sleepGraphStartTime,awakenings,timeInDeepPercentage,wakeWindowStartIndex,bedTime,timeInLightPercentage,grouping
12,2011-4-22,31,0,0,96,0,0,0,END_OF_WAKE_WINDOW,446,0,2011-04-23 08:05:00,8,282,False,0,0,108,63,24,2011-04-23 00:00:00,0,12,0,2011-04-23 00:06:25,64,DAILY
12,2011-4-23,3,0,0,94,0,0,0,END_OF_WAKE_WINDOW,462,0,2011-04-24 08:00:00,11,254,False,0,0,151,65,32,2011-04-24 00:10:00,0,12,0,2011-04-24 00:18:15,56,DAILY
11,2011-4-24,3,0,0,97,0,0,0,END_OF_WAKE_WINDOW,480,0,2011-04-25 08:35:00,12,266,False,0,0,165,67,34,2011-04-25 00:25:00,0,10,0,2011-04-25 00:28:33,56,DAILY
12,2011-4-25,21,-2,0,0,0,2,0,NO_ALARM,427,-1,2011-04-26 08:10:00,10,236,False,12,0,136,60,31,2011-04-26 00:25:00,3,12,0,2011-04-26 00:29:04,55,DAILY
11,2011-4-26,13,-1,0,97,0,7,0,END_OF_WAKE_WINDOW,397,-2,2011-04-27 08:30:00,8,229,False,34,0,119,56,27,2011-04-27 00:25:00,1,11,0,2011-04-27 00:29:55,55,DAILY
10,2011-4-27,30,-1,0,98,0,0,0,END_OF_WAKE_WINDOW,454,0,2011-04-28 08:30:00,11,248,False,1,0,160,65,35,2011-04-28 00:20:00,1,10,0,2011-04-28 00:27:14,55,DAILY
14,2011-4-28,8,0,0,100,0,0,0,END_OF_WAKE_WINDOW,492,0,2011-04-29 08:35:00,10,281,False,0,0,145,70,29,2011-04-29 00:10:00,0,13,0,2011-04-29 00:13:19,58,DAILY
15,2011-4-29,23,-1,0,98,0,0,0,END_OF_WAKE_WINDOW,466,0,2011-04-30 08:30:00,13,213,False,2,0,184,66,39,2011-04-30 00:20:00,1,14,0,2011-04-30 00:22:25,47,DAILY
10,2011-4-30,5,0,0,84,0,0,0,END_OF_WAKE_WINDOW,341,0,2011-05-01 10:00:00,8,186,False,0,0,107,48,31,2011-05-01 03:00:00,0,13,0,2011-05-01 03:03:05,56,DAILY
10,2011-5-2,27,-1,0,91,0,0,0,END_OF_WAKE_WINDOW,465,0,2011-05-03 10:10:00,13,237,False,1,0,182,66,38,2011-05-03 01:55:00,1,9,0,2011-05-03 01:59:21,53,DAILY
14,2011-5-3,12,-1,0,95,0,0,0,END_OF_WAKE_WINDOW,471,0,2011-05-04 09:10:00,8,285,False,1,0,118,68,24,2011-05-04 01:05:00,1,14,0,2011-05-04 01:08:29,62,DAILY
12,2011-5-4,22,-1,0,94,0,0,0,END_OF_WAKE_WINDOW,446,0,2011-05-05 08:45:00,9,265,False,1,0,126,63,28,2011-05-05 00:50:00,1,12,0,2011-05-05 00:54:48,60,DAILY
16,2011-5-5,33,-1,0,97,0,0,0,END_OF_WAKE_WINDOW,447,0,2011-05-06 08:35:00,9,241,False,4,0,133,63,29,2011-05-06 00:25:00,2,16,0,2011-05-06 00:28:34,55,DAILY
13,2011-5-7,7,0,0,110,0,0,0,END_OF_WAKE_WINDOW,542,0,2011-05-08 08:35:00,14,288,False,0,0,195,76,35,2011-05-07 23:20:00,0,10,0,2011-05-07 23:25:38,55,DAILY
10,2011-5-16,13,0,0,94,3,0,0,END_OF_WAKE_WINDOW,466,0,2011-05-17 09:10:00,9,285,False,0,0,133,67,28,2011-05-17 01:10:00,0,10,0,2011-05-17 01:12:54,62,DAILY
11,2011-5-17,22,0,0,96,0,0,0,END_OF_WAKE_WINDOW,453,0,2011-05-18 08:30:00,7,298,False,0,0,105,64,23,2011-05-18 00:30:00,0,11,0,2011-05-18 00:36:36,66,DAILY
13,2011-5-18,13,0,0,79,0,0,0,END_OF_WAKE_WINDOW,380,0,2011-05-19 07:10:00,7,216,False,0,0,104,54,27,2011-05-19 00:35:00,0,15,0,2011-05-19 00:38:47,58,DAILY
9,2011-5-22,17,0,0,99,0,0,0,END_OF_WAKE_WINDOW,412,0,2011-05-23 08:05:00,8,254,False,0,0,115,59,27,2011-05-22 23:45:00,0,10,0,2011-05-22 23:50:07,63,DAILY
8,2011-5-23,28,-1,0,95,0,3,0,END_OF_WAKE_WINDOW,439,-1,2011-05-24 09:10:00,11,247,False,17,0,153,63,33,2011-05-24 01:05:00,1,8,0,2011-05-24 01:09:26,56,DAILY
8,2011-5-25,2,-1,0,81,0,0,0,END_OF_WAKE_WINDOW,399,0,2011-05-26 09:00:00,10,223,False,2,0,137,57,34,2011-05-26 02:15:00,1,9,0,2011-05-26 02:19:50,57,DAILY
6,2011-5-26,5,-2,0,56,0,9,0,END_OF_WAKE_WINDOW,346,-3,2011-05-27 10:25:00,8,202,False,36,0,114,50,29,2011-05-27 04:20:00,4,7,0,2011-05-27 04:26:13,55,DAILY
13,2011-6-1,8,-1,0,87,0,0,0,END_OF_WAKE_WINDOW,428,0,2011-06-02 07:35:00,5,299,False,1,0,69,61,16,2011-06-02 00:15:00,1,14,0,2011-06-02 00:20:50,70,DAILY
7,2011-6-2,41,-1,0,91,0,3,0,END_OF_WAKE_WINDOW,397,-1,2011-06-03 08:30:00,10,226,False,13,0,137,57,33,2011-06-03 00:55:00,1,8,0,2011-06-03 01:02:27,56,DAILY
8,2011-6-4,7,-1,0,80,0,0,0,END_OF_WAKE_WINDOW,230,0,2011-06-05 08:15:00,5,127,False,2,0,67,32,28,2011-06-05 03:50:00,2,15,0,2011-06-05 03:54:28,57,DAILY
14,2011-6-11,15,0,0,88,0,0,0,END_OF_WAKE_WINDOW,401,0,2011-06-12 09:00:00,11,184,False,0,0,151,56,37,2011-06-12 01:40:00,0,16,0,2011-06-12 01:42:01,47,DAILY
16,2011-6-12,6,0,0,60,0,0,0,END_OF_WAKE_WINDOW,277,0,2011-06-13 07:00:00,2,168,False,0,0,34,40,12,2011-06-13 02:00:00,0,27,0,2011-06-13 02:05:51,61,DAILY
14,2011-6-13,14,0,0,80,0,0,0,END_OF_WAKE_WINDOW,388,0,2011-06-14 07:10:00,8,216,False,0,0,107,55,27,2011-06-14 00:20:00,0,17,0,2011-06-14 00:25:59,56,DAILY
13,2011-6-14,9,-1,0,87,0,0,0,END_OF_WAKE_WINDOW,431,0,2011-06-15 07:10:00,10,228,False,1,0,141,61,32,2011-06-14 23:45:00,1,14,0,2011-06-14 23:50:58,54,DAILY
11,2011-6-15,12,-1,0,79,0,0,0,END_OF_WAKE_WINDOW,381,0,2011-06-16 07:05:00,8,224,False,1,0,108,54,28,2011-06-16 00:25:00,1,12,0,2011-06-16 00:28:43,60,DAILY
12,2011-6-16,7,-1,0,96,0,0,0,END_OF_WAKE_WINDOW,473,0,2011-06-17 09:55:00,14,216,False,1,0,201,67,42,2011-06-17 01:45:00,1,11,0,2011-06-17 01:50:12,47,DAILY
6,2011-6-18,14,0,0,95,0,0,0,END_OF_WAKE_WINDOW,218,0,2011-06-19 05:45:00,2,164,False,0,0,25,31,11,2011-06-19 01:50:00,0,13,0,2011-06-19 01:55:36,76,DAILY
3,2011-6-19,24,0,0,59,0,0,0,END_OF_WAKE_WINDOW,155,0,2011-06-20 05:10:00,0,135,False,0,0,5,22,3,2011-06-20 02:10:00,0,9,0,2011-06-20 02:18:48,88,DAILY
12,2011-6-20,6,0,0,90,0,0,0,END_OF_WAKE_WINDOW,442,0,2011-06-21 07:10:00,9,264,False,0,0,121,62,27,2011-06-20 23:35:00,0,12,0,2011-06-20 23:40:17,61,DAILY
3,2011-6-23,25,-1,0,89,0,22,0,END_OF_WAKE_WINDOW,127,-3,2011-06-24 02:20:00,3,76,False,37,0,37,18,22,2011-06-24 00:00:00,2,8,0,2011-06-24 00:06:07,48,DAILY
9,2011-6-24,11,-2,0,95,0,16,0,END_OF_WAKE_WINDOW,262,-4,2011-06-25 06:35:00,4,161,False,51,0,57,38,18,2011-06-25 00:30:00,3,14,0,2011-06-25 00:33:27,52,DAILY
12,2011-6-30,8,0,0,95,0,0,0,END_OF_WAKE_WINDOW,355,0,2011-07-01 09:20:00,8,189,False,0,0,111,50,31,2011-07-01 01:50:00,0,15,0,2011-07-01 02:00:09,54,DAILY
11,2011-7-1,5,0,0,59,0,0,0,END_OF_WAKE_WINDOW,298,0,2011-07-02 07:55:00,6,160,False,0,0,85,42,28,2011-07-02 02:50:00,0,17,0,2011-07-02 02:53:47,55,DAILY
11,2011-7-2,2,-1,0,90,0,0,0,END_OF_WAKE_WINDOW,445,0,2011-07-03 10:05:00,10,245,False,2,0,147,64,32,2011-07-03 02:30:00,1,11,0,2011-07-03 02:35:36,57,DAILY
12,2011-7-3,11,0,0,94,0,0,0,END_OF_WAKE_WINDOW,455,0,2011-07-04 10:00:00,11,248,False,0,0,152,64,33,2011-07-04 02:10:00,0,12,0,2011-07-04 02:16:11,55,DAILY
11,2011-7-4,3,0,0,73,0,0,0,END_OF_WAKE_WINDOW,360,0,2011-07-05 07:05:00,5,238,False,0,0,69,51,19,2011-07-05 00:55:00,0,14,0,2011-07-05 01:01:00,67,DAILY
12,2011-7-8,1,0,0,88,0,0,0,END_OF_WAKE_WINDOW,443,0,2011-07-09 09:10:00,10,244,False,0,0,144,63,32,2011-07-09 01:40:00,0,12,0,2011-07-09 01:47:24,56,DAILY
9,2011-7-10,14,0,0,84,0,0,0,END_OF_WAKE_WINDOW,415,0,2011-07-11 07:05:00,8,260,False,0,0,112,59,26,2011-07-10 23:50:00,0,10,0,2011-07-11 00:03:38,64,DAILY
10,2011-7-11,9,0,0,76,0,0,0,END_OF_WAKE_WINDOW,368,0,2011-07-12 07:20:00,8,208,False,0,0,115,52,31,2011-07-12 00:55:00,0,12,0,2011-07-12 01:03:22,57,DAILY
9,2011-7-12,3,0,0,85,0,0,0,END_OF_WAKE_WINDOW,407,0,2011-07-13 08:35:00,10,217,False,0,0,146,58,35,2011-07-13 01:25:00,0,10,0,2011-07-13 01:48:34,55,DAILY
11,2011-7-17,2,-1,0,90,0,0,0,END_OF_WAKE_WINDOW,446,0,2011-07-18 05:25:00,5,317,False,2,0,77,64,17,2011-07-17 21:50:00,1,11,0,2011-07-17 21:57:28,72,DAILY
8,2011-7-18,18,0,0,79,0,0,0,END_OF_WAKE_WINDOW,380,0,2011-07-19 07:15:00,5,272,False,0,0,71,54,18,2011-07-19 00:40:00,0,9,0,2011-07-19 00:46:49,73,DAILY
8,2011-7-19,1,0,0,72,0,0,0,END_OF_WAKE_WINDOW,360,0,2011-07-20 07:25:00,7,226,False,0,0,96,51,26,2011-07-20 01:15:00,0,10,0,2011-07-20 01:21:24,64,DAILY
14,2011-7-20,2,-1,0,83,3,0,0,END_OF_WAKE_WINDOW,386,0,2011-07-21 07:20:00,6,229,False,1,0,89,56,23,2011-07-21 00:20:00,1,17,0,2011-07-21 00:52:31,60,DAILY
8,2011-7-21,3,-1,0,100,0,1,0,END_OF_WAKE_WINDOW,402,0,2011-07-22 05:55:00,10,229,False,7,0,136,57,33,2011-07-21 22:45:00,1,9,0,2011-07-21 22:49:19,57,DAILY
15,2011-7-26,1,0,0,0,0,0,0,NO_ALARM,438,0,2011-07-27 10:00:00,11,213,False,0,0,154,62,35,2011-07-27 02:20:00,0,16,0,2011-07-27 02:27:35,49,DAILY
16,2011-7-30,2,0,0,0,0,0,0,NO_ALARM,449,0,2011-07-31 13:30:00,10,232,False,0,0,140,64,31,2011-07-31 04:55:00,0,17,0,2011-07-31 05:13:17,52,DAILY
13,2011-8-1,1,-1,0,0,0,0,0,NO_ALARM,468,0,2011-08-02 10:55:00,9,283,False,1,0,122,67,26,2011-08-02 03:00:00,1,13,0,2011-08-02 03:04:33,61,DAILY
10,2011-8-5,1,0,0,0,0,0,0,NO_ALARM,475,0,2011-08-06 11:05:00,12,256,False,0,0,171,68,35,2011-08-06 03:05:00,0,10,0,2011-08-06 03:09:53,55,DAILY
16,2011-8-7,7,0,0,0,0,0,0,NO_ALARM,486,0,2011-08-08 09:05:00,8,297,False,0,0,116,68,23,2011-08-08 00:45:00,0,15,0,2011-08-08 00:50:53,62,DAILY
9,2011-8-18,49,0,0,0,3,0,0,NO_ALARM,383,0,2011-08-19 08:50:00,6,260,False,0,0,83,54,21,2011-08-19 01:30:00,0,10,0,2011-08-19 01:40:00,69,DAILY
9,2011-8-19,42,0,0,0,0,0,0,NO_ALARM,400,0,2011-08-20 08:55:00,11,206,False,0,0,154,56,38,2011-08-20 01:30:00,0,10,0,2011-08-20 01:33:17,52,DAILY
8,2011-8-20,33,0,0,0,2,0,0,NO_ALARM,356,0,2011-08-21 07:30:00,6,228,False,0,0,89,51,25,2011-08-21 00:55:00,0,10,0,2011-08-21 00:59:49,65,DAILY
13,2011-8-31,12,0,0,0,3,0,0,NO_ALARM,433,0,2011-09-01 07:15:00,10,235,False,0,0,137,61,31,2011-08-31 23:50:00,0,14,0,2011-08-31 23:57:01,55,DAILY
12,2011-9-5,20,-1,0,0,3,0,0,NO_ALARM,446,0,2011-09-06 09:20:00,10,251,False,1,0,138,64,30,2011-09-06 01:30:00,1,12,0,2011-09-06 01:33:57,58,DAILY
10,2011-9-6,11,0,0,0,3,0,0,NO_ALARM,434,0,2011-09-07 08:20:00,7,289,False,0,0,100,61,23,2011-09-07 00:50:00,0,10,0,2011-09-07 00:57:49,67,DAILY
9,2011-9-7,19,0,0,0,3,0,0,NO_ALARM,467,0,2011-09-08 08:55:00,10,279,False,0,0,143,67,30,2011-09-08 00:45:00,0,9,0,2011-09-08 00:48:32,61,DAILY
11,2011-9-9,29,0,0,0,3,0,0,NO_ALARM,465,0,2011-09-10 09:20:00,10,269,False,0,0,147,66,31,2011-09-10 01:05:00,0,10,0,2011-09-10 01:08:53,59,DAILY
7,2011-9-10,40,0,0,0,3,0,0,NO_ALARM,252,0,2011-09-11 07:00:00,5,153,False,0,0,66,35,26,2011-09-11 02:05:00,0,13,0,2011-09-11 02:08:59,61,DAILY
12,2011-9-11,16,0,0,0,3,0,0,NO_ALARM,444,0,2011-09-12 08:30:00,9,257,False,0,0,132,63,29,2011-09-12 00:45:00,0,12,0,2011-09-12 00:50:36,59,DAILY
9,2011-9-12,51,-1,0,0,4,0,0,NO_ALARM,481,0,2011-09-13 09:10:00,11,282,False,2,0,158,68,32,2011-09-13 00:10:00,1,8,0,2011-09-13 00:15:30,60,DAILY
11,2011-9-14,8,-1,0,0,4,0,0,NO_ALARM,445,0,2011-09-15 08:55:00,11,239,False,2,0,154,63,34,2011-09-15 01:15:00,1,11,0,2011-09-15 01:20:09,55,DAILY
13,2011-10-4,7,-1,0,66,0,0,0,END_OF_WAKE_WINDOW,336,0,2011-10-05 08:40:00,8,161,False,2,0,111,48,32,2011-10-05 02:50:00,1,18,0,2011-10-05 02:52:41,50,DAILY
21,2011-10-5,10,0,0,99,0,0,0,END_OF_WAKE_WINDOW,577,0,2011-10-06 10:00:00,15,269,False,0,0,212,81,36,2011-10-06 00:05:00,0,16,0,2011-10-06 00:09:38,48,DAILY
9,2011-10-6,8,-1,0,87,0,0,0,END_OF_WAKE_WINDOW,455,0,2011-10-07 11:45:00,13,229,False,1,0,184,65,40,2011-10-07 04:05:00,1,9,0,2011-10-07 04:06:52,51,DAILY
10,2011-10-7,3,-1,0,93,0,2,0,END_OF_WAKE_WINDOW,423,-1,2011-10-08 10:35:00,10,234,False,13,0,140,60,32,2011-10-08 03:35:00,2,11,0,2011-10-08 03:37:24,55,DAILY
12,2011-10-8,22,-1,0,130,4,0,0,END_OF_WAKE_WINDOW,485,0,2011-10-09 09:20:00,9,302,False,3,0,127,69,26,2011-10-09 00:30:00,1,11,0,2011-10-09 00:32:30,63,DAILY
9,2011-10-9,16,0,0,115,3,0,0,END_OF_WAKE_WINDOW,439,0,2011-10-10 09:25:00,11,243,False,0,0,152,62,34,2011-10-10 01:45:00,0,9,0,2011-10-10 01:50:02,57,DAILY
10,2011-10-10,22,0,0,113,3,0,0,END_OF_WAKE_WINDOW,455,0,2011-10-11 10:00:00,12,237,False,0,0,169,65,37,2011-10-11 01:55:00,0,10,0,2011-10-11 02:00:15,53,DAILY
9,2011-10-11,27,0,0,111,0,0,0,END_OF_WAKE_WINDOW,367,0,2011-10-12 08:45:00,6,234,False,0,0,91,52,24,2011-10-12 02:05:00,0,11,0,2011-10-12 02:10:37,65,DAILY
11,2011-10-12,20,-1,0,130,0,0,0,END_OF_WAKE_WINDOW,476,0,2011-10-13 08:55:00,9,290,False,1,0,134,68,28,2011-10-13 00:30:00,1,11,0,2011-10-13 00:36:17,61,DAILY
8,2011-10-15,8,0,0,77,0,0,0,END_OF_WAKE_WINDOW,438,0,2011-10-16 12:25:00,11,239,False,0,0,160,63,36,2011-10-16 04:55:00,0,9,0,2011-10-16 04:57:43,55,DAILY
13,2011-10-16,18,-1,0,114,3,0,0,END_OF_WAKE_WINDOW,406,0,2011-10-17 08:55:00,6,263,False,1,0,81,58,19,2011-10-17 01:50:00,1,15,0,2011-10-17 01:55:39,66,DAILY
9,2011-10-17,12,-1,0,107,3,0,0,END_OF_WAKE_WINDOW,446,0,2011-10-18 10:10:00,10,258,False,1,0,145,64,32,2011-10-18 02:25:00,1,9,0,2011-10-18 02:30:54,59,DAILY
9,2011-10-18,8,0,0,133,4,0,0,END_OF_WAKE_WINDOW,487,0,2011-10-19 08:35:00,10,303,False,0,0,141,69,28,2011-10-19 00:15:00,0,8,0,2011-10-19 00:19:41,64,DAILY
9,2011-10-19,33,0,0,94,3,0,0,END_OF_WAKE_WINDOW,395,0,2011-10-20 10:35:00,11,195,False,0,0,156,56,39,2011-10-20 03:30:00,0,11,0,2011-10-20 03:32:31,50,DAILY
6,2011-10-20,16,-1,0,71,2,0,0,END_OF_WAKE_WINDOW,334,0,2011-10-21 08:50:00,6,226,False,1,0,79,48,23,2011-10-21 02:55:00,1,8,0,2011-10-21 03:01:20,69,DAILY
8,2011-10-23,14,-1,0,84,0,0,0,END_OF_WAKE_WINDOW,447,0,2011-10-24 09:50:00,10,274,False,1,0,135,63,30,2011-10-24 02:05:00,1,8,0,2011-10-24 02:09:47,62,DAILY
10,2011-10-24,2,-1,0,86,0,0,0,END_OF_WAKE_WINDOW,441,0,2011-10-25 09:35:00,10,249,False,3,0,146,62,32,2011-10-25 02:10:00,2,10,0,2011-10-25 02:17:34,58,DAILY
7,2011-10-25,8,-1,0,75,0,0,0,END_OF_WAKE_WINDOW,348,0,2011-10-26 08:50:00,7,209,False,3,0,104,50,29,2011-10-26 03:05:00,2,9,0,2011-10-26 03:08:33,62,DAILY
9,2011-10-26,13,-1,0,102,4,0,0,END_OF_WAKE_WINDOW,467,0,2011-10-27 08:55:00,11,269,False,1,0,156,67,33,2011-10-27 00:50:00,1,9,0,2011-10-27 00:55:01,58,DAILY
10,2011-10-27,1,0,0,81,0,0,0,END_OF_WAKE_WINDOW,335,0,2011-10-28 10:20:00,5,217,False,0,0,73,47,21,2011-10-28 03:35:00,0,13,0,2011-10-28 03:38:19,66,DAILY
10,2011-10-28,12,-1,0,97,0,0,0,END_OF_WAKE_WINDOW,402,0,2011-10-29 08:50:00,9,233,False,1,0,123,57,30,2011-10-29 01:45:00,1,11,0,2011-10-29 01:52:53,59,DAILY
8,2011-10-29,5,0,0,94,0,0,0,END_OF_WAKE_WINDOW,372,0,2011-10-30 08:25:00,5,259,False,1,0,76,53,20,2011-10-30 02:00:00,0,10,0,2011-10-30 02:07:26,70,DAILY
12,2011-10-30,13,0,0,103,3,0,0,END_OF_WAKE_WINDOW,449,0,2011-10-31 09:00:00,11,240,False,0,0,151,64,33,2011-10-31 01:15:00,0,13,0,2011-10-31 01:21:16,54,DAILY
15,2011-10-31,5,-1,0,81,0,0,0,END_OF_WAKE_WINDOW,401,0,2011-11-01 09:55:00,9,209,False,1,0,122,57,30,2011-11-01 03:05:00,1,17,0,2011-11-01 03:10:14,53,DAILY
3,2011-11-1,11,-1,0,26,1,0,0,END_OF_WAKE_WINDOW,129,0,2011-11-02 08:10:00,1,101,False,1,0,12,19,9,2011-11-02 05:40:00,1,12,0,2011-11-02 05:46:27,79,DAILY
14,2011-11-2,5,0,0,125,0,0,0,END_OF_WAKE_WINDOW,543,0,2011-11-03 07:50:00,12,311,False,0,0,166,77,30,2011-11-02 21:25:00,0,12,0,2011-11-02 21:28:54,58,DAILY
12,2011-11-4,10,0,0,86,3,0,0,END_OF_WAKE_WINDOW,416,0,2011-11-05 10:50:00,9,232,False,0,0,126,59,30,2011-11-05 03:40:00,0,13,0,2011-11-05 03:49:21,57,DAILY
4,2011-11-5,1,0,0,90,0,0,0,END_OF_WAKE_WINDOW,184,0,2011-11-06 07:10:00,1,147,False,0,0,20,26,10,2011-11-06 03:20:00,0,8,0,2011-11-06 03:33:39,82,DAILY
8,2011-11-6,21,-1,0,109,3,0,0,END_OF_WAKE_WINDOW,375,0,2011-11-07 08:30:00,8,220,False,2,0,118,53,31,2011-11-07 01:45:00,2,9,0,2011-11-07 01:53:00,60,DAILY
16,2011-11-7,9,-1,0,118,3,0,0,END_OF_WAKE_WINDOW,421,0,2011-11-08 08:55:00,9,219,False,3,0,126,60,29,2011-11-08 01:00:00,2,18,0,2011-11-08 01:04:04,53,DAILY
13,2011-11-8,24,0,0,0,3,0,0,NO_ALARM,398,0,2011-11-09 08:05:00,7,231,False,0,0,105,57,26,2011-11-09 00:55:00,0,15,0,2011-11-09 01:00:16,59,DAILY
6,2011-11-9,9,-1,0,0,0,0,0,NO_ALARM,229,0,2011-11-10 07:15:00,4,149,False,2,0,51,33,22,2011-11-10 03:10:00,1,12,0,2011-11-10 03:14:42,66,DAILY
11,2011-11-12,3,-1,0,0,1,0,0,NO_ALARM,232,0,2011-11-13 08:00:00,3,139,False,2,0,43,32,18,2011-11-13 03:00:00,2,21,0,2011-11-13 03:07:34,61,DAILY
14,2011-11-13,11,-1,0,0,3,1,0,NO_ALARM,439,0,2011-11-14 09:50:00,9,242,False,5,0,133,62,29,2011-11-14 02:10:00,2,14,0,2011-11-14 02:17:52,56,DAILY
12,2011-11-14,6,-1,0,0,2,0,0,NO_ALARM,346,0,2011-11-15 09:05:00,9,164,False,1,0,124,49,35,2011-11-15 03:05:00,1,16,0,2011-11-15 03:09:12,49,DAILY
12,2011-11-15,6,-1,0,0,3,1,0,NO_ALARM,425,0,2011-11-16 08:25:00,9,243,False,5,0,124,60,28,2011-11-16 00:55:00,2,13,0,2011-11-16 00:59:45,58,DAILY
12,2011-11-16,20,-1,0,0,3,0,0,NO_ALARM,433,0,2011-11-17 09:15:00,10,233,False,1,0,143,62,33,2011-11-17 01:30:00,1,13,0,2011-11-17 01:36:35,54,DAILY
11,2011-11-20,21,-1,0,0,3,0,0,NO_ALARM,398,0,2011-11-21 08:35:00,6,260,False,2,0,87,57,21,2011-11-21 01:15:00,1,12,0,2011-11-21 01:21:46,67,DAILY
13,2011-11-21,6,0,0,0,4,0,0,NO_ALARM,438,0,2011-11-22 09:05:00,7,279,False,0,0,99,62,22,2011-11-22 01:40:00,0,13,0,2011-11-22 01:44:02,65,DAILY
11,2011-11-22,7,-1,0,0,3,1,0,NO_ALARM,370,0,2011-11-23 08:25:00,7,220,False,4,0,100,52,26,2011-11-23 01:45:00,1,13,0,2011-11-23 01:56:59,60,DAILY
11,2011-11-24,8,0,0,0,0,0,0,NO_ALARM,371,0,2011-11-25 08:40:00,6,235,False,0,0,83,53,22,2011-11-25 02:20:00,0,14,0,2011-11-25 02:25:11,64,DAILY
10,2011-11-25,12,0,0,0,4,0,0,NO_ALARM,437,0,2011-11-26 09:30:00,9,256,False,0,0,133,63,30,2011-11-26 01:15:00,0,11,0,2011-11-26 01:31:18,59,DAILY
8,2011-11-27,13,0,0,0,4,0,0,NO_ALARM,361,0,2011-11-28 08:20:00,8,217,False,0,0,106,51,29,2011-11-28 01:25:00,0,10,0,2011-11-28 01:33:25,61,DAILY
5,2011-12-1,15,0,0,0,0,0,0,NO_ALARM,134,0,2011-12-02 05:10:00,1,89,False,0,0,21,20,15,2011-12-02 02:35:00,0,18,0,2011-12-02 02:43:28,67,DAILY
10,2011-12-2,6,0,0,0,3,0,0,NO_ALARM,402,0,2011-12-03 09:45:00,8,238,False,0,0,119,57,29,2011-12-03 02:55:00,0,11,0,2011-12-03 02:57:26,60,DAILY
8,2011-12-3,38,0,0,0,2,0,0,NO_ALARM,289,0,2011-12-04 07:25:00,5,184,False,0,0,70,41,24,2011-12-04 01:50:00,0,12,0,2011-12-04 01:55:13,64,DAILY
14,2011-12-4,18,0,0,0,3,0,0,NO_ALARM,395,0,2011-12-05 11:40:00,11,180,False,0,0,150,55,37,2011-12-05 04:45:00,0,16,0,2011-12-05 04:46:59,47,DAILY
12,2011-12-5,6,0,0,0,3,0,0,NO_ALARM,434,0,2011-12-06 10:50:00,8,261,False,0,0,115,62,26,2011-12-06 03:25:00,0,13,0,2011-12-06 03:31:11,61,DAILY
8,2011-12-7,6,-1,0,0,4,0,0,NO_ALARM,529,0,2011-12-08 07:35:00,8,371,False,3,0,119,75,22,2011-12-07 22:35:00,2,7,0,2011-12-07 22:38:54,71,DAILY
6,2011-12-9,17,0,0,0,3,0,0,NO_ALARM,435,0,2011-12-10 10:20:00,9,279,False,0,0,129,62,29,2011-12-10 02:45:00,0,6,0,2011-12-10 02:50:24,65,DAILY
8,2011-12-10,32,-1,0,0,0,0,0,NO_ALARM,312,0,2011-12-11 08:00:00,4,220,False,2,0,55,44,17,2011-12-11 02:10:00,1,11,0,2011-12-11 02:15:03,72,DAILY
7,2011-12-11,3,-1,0,0,3,0,0,NO_ALARM,426,0,2011-12-12 10:20:00,10,250,False,2,0,144,61,33,2011-12-12 03:05:00,1,7,0,2011-12-12 03:11:12,60,DAILY
14,2011-12-14,1,-1,0,0,3,0,0,NO_ALARM,515,0,2011-12-15 08:25:00,6,369,False,1,0,80,73,15,2011-12-14 23:45:00,1,12,0,2011-12-14 23:47:44,73,DAILY
7,2011-12-15,10,-1,0,0,3,0,0,NO_ALARM,333,0,2011-12-16 11:15:00,7,200,False,2,0,101,47,30,2011-12-16 05:35:00,1,9,0,2011-12-16 05:37:50,61,DAILY
12,2011-12-16,2,0,0,96,3,0,0,END_OF_WAKE_WINDOW,477,0,2011-12-17 11:25:00,13,241,False,0,0,179,67,37,2011-12-17 03:25:00,0,12,0,2011-12-17 03:28:14,51,DAILY
8,2011-12-17,10,-1,0,0,0,0,0,NO_ALARM,357,0,2011-12-18 07:55:00,7,217,False,4,0,102,50,28,2011-12-18 01:40:00,2,10,0,2011-12-18 01:47:01,62,DAILY
9,2011-12-18,8,0,0,0,3,0,0,NO_ALARM,474,0,2011-12-19 09:20:00,10,295,False,0,0,139,66,29,2011-12-19 01:15:00,0,8,0,2011-12-19 01:20:14,63,DAILY
7,2011-12-19,2,-1,0,35,0,1,0,END_OF_WAKE_WINDOW,167,0,2011-12-20 07:35:00,0,131,False,3,0,4,24,2,2011-12-20 04:35:00,1,19,0,2011-12-20 04:41:10,78,DAILY
12,2011-12-20,8,0,0,101,4,0,0,END_OF_WAKE_WINDOW,521,0,2011-12-21 08:00:00,9,336,False,0,0,130,74,24,2011-12-20 23:05:00,0,10,0,2011-12-20 23:10:53,66,DAILY
10,2011-12-22,16,0,0,99,4,0,0,END_OF_WAKE_WINDOW,478,0,2011-12-23 09:30:00,11,268,False,0,0,161,69,33,2011-12-23 01:15:00,0,10,0,2011-12-23 01:17:09,57,DAILY
9,2011-12-24,13,-2,0,385,3,0,0,END_OF_WAKE_WINDOW,438,0,2011-12-25 03:35:00,12,228,False,4,0,167,62,37,2011-12-25 03:25:00,3,9,0,2011-12-25 03:31:44,54,DAILY
11,2011-12-26,25,-1,0,97,3,0,0,END_OF_WAKE_WINDOW,472,0,2011-12-27 11:55:00,10,286,False,1,0,135,67,28,2011-12-27 03:25:00,1,10,0,2011-12-27 03:28:15,62,DAILY
9,2011-12-27,22,-1,0,89,3,1,0,END_OF_WAKE_WINDOW,424,0,2011-12-28 12:15:00,9,252,False,6,0,127,60,29,2011-12-28 04:35:00,1,10,0,2011-12-28 04:40:34,60,DAILY
11,2011-12-28,2,-1,0,86,0,0,0,END_OF_WAKE_WINDOW,424,0,2011-12-29 12:05:00,10,228,False,2,0,145,61,34,2011-12-29 04:50:00,1,12,0,2011-12-29 04:55:20,54,DAILY
9,2011-12-29,9,-1,0,85,0,0,0,END_OF_WAKE_WINDOW,497,0,2011-12-30 13:35:00,13,276,False,5,0,178,70,35,2011-12-30 04:55:00,1,8,0,2011-12-30 05:01:42,57,DAILY
10,2011-12-30,44,0,0,87,3,0,0,END_OF_WAKE_WINDOW,417,0,2011-12-31 12:35:00,10,224,False,0,0,148,59,35,2011-12-31 04:45:00,0,11,0,2011-12-31 04:50:49,54,DAILY
14,2011-12-31,4,-1,0,94,0,0,0,END_OF_WAKE_WINDOW,458,0,2012-01-01 12:00:00,12,228,False,5,0,166,64,35,2012-01-01 04:10:00,2,13,0,2012-01-01 04:14:31,52,DAILY
8,2012-1-1,9,0,0,84,0,0,0,END_OF_WAKE_WINDOW,427,0,2012-01-02 09:05:00,7,293,False,0,0,95,61,22,2012-01-02 01:45:00,0,9,0,2012-01-02 01:47:40,69,DAILY
5,2012-1-2,27,0,0,88,0,0,0,END_OF_WAKE_WINDOW,474,0,2012-01-03 11:00:00,13,264,False,2,0,186,67,39,2012-01-03 02:40:00,0,5,0,2012-01-03 02:47:13,56,DAILY
9,2012-1-4,15,-1,0,95,4,0,0,END_OF_WAKE_WINDOW,535,0,2012-01-05 09:50:00,11,335,False,2,0,160,76,29,2012-01-05 00:35:00,1,7,0,2012-01-05 00:43:36,64,DAILY
6,2012-1-5,1,-1,0,91,0,1,0,END_OF_WAKE_WINDOW,463,0,2012-01-06 12:10:00,13,257,False,6,0,177,65,37,2012-01-06 03:55:00,2,6,0,2012-01-06 04:03:46,56,DAILY
8,2012-1-6,13,0,0,98,4,0,0,END_OF_WAKE_WINDOW,521,0,2012-01-07 08:50:00,11,329,False,0,0,155,74,29,2012-01-06 23:50:00,0,7,0,2012-01-06 23:53:59,64,DAILY
11,2012-1-7,11,-1,0,90,3,0,0,END_OF_WAKE_WINDOW,436,0,2012-01-08 11:00:00,12,215,False,1,0,171,62,39,2012-01-08 03:30:00,1,11,0,2012-01-08 03:35:36,50,DAILY
9,2012-1-8,36,-1,0,87,2,0,0,END_OF_WAKE_WINDOW,398,0,2012-01-09 09:55:00,8,247,False,1,0,111,56,27,2012-01-09 02:35:00,1,10,0,2012-01-09 02:45:10,63,DAILY
4,2012-1-9,34,-1,0,80,3,0,0,END_OF_WAKE_WINDOW,356,0,2012-01-10 08:50:00,8,223,False,3,0,112,51,31,2012-01-10 02:05:00,1,5,0,2012-01-10 02:10:06,64,DAILY
9,2012-1-10,12,-2,0,100,4,0,0,END_OF_WAKE_WINDOW,581,0,2012-01-11 08:45:00,15,331,False,5,0,209,82,35,2012-01-10 22:45:00,3,6,0,2012-01-10 22:48:27,59,DAILY
11,2012-1-11,3,-1,0,84,2,0,0,END_OF_WAKE_WINDOW,416,0,2012-01-12 08:40:00,8,254,False,4,0,113,59,26,2012-01-12 01:35:00,1,11,0,2012-01-12 01:38:43,63,DAILY
10,2012-1-12,9,0,0,96,3,0,0,END_OF_WAKE_WINDOW,520,0,2012-01-13 09:55:00,13,294,False,0,0,180,73,34,2012-01-13 01:05:00,0,8,0,2012-01-13 01:07:40,58,DAILY
8,2012-1-13,11,-1,0,81,4,0,0,END_OF_WAKE_WINDOW,482,0,2012-01-14 10:40:00,13,254,False,1,0,188,69,38,2012-01-14 02:20:00,1,8,0,2012-01-14 02:28:48,54,DAILY
6,2012-1-14,25,0,0,73,3,0,0,END_OF_WAKE_WINDOW,340,0,2012-01-15 08:00:00,6,222,False,0,0,89,49,26,2012-01-15 01:50:00,0,8,0,2012-01-15 01:55:23,66,DAILY
11,2012-1-15,11,0,0,95,4,0,0,END_OF_WAKE_WINDOW,464,0,2012-01-16 11:00:00,10,263,False,0,0,147,66,31,2012-01-16 03:00:00,0,11,0,2012-01-16 03:07:25,58,DAILY
7,2012-1-16,22,-1,0,83,3,0,0,END_OF_WAKE_WINDOW,388,0,2012-01-17 08:50:00,8,244,False,2,0,110,55,28,2012-01-17 01:50:00,2,8,0,2012-01-17 01:57:58,64,DAILY
8,2012-1-17,1,-2,0,94,0,0,0,END_OF_WAKE_WINDOW,517,0,2012-01-18 11:25:00,15,265,False,5,0,215,73,41,2012-01-18 02:45:00,3,7,0,2012-01-18 02:48:03,52,DAILY
8,2012-1-18,19,-1,0,96,3,2,0,END_OF_WAKE_WINDOW,475,-1,2012-01-19 09:15:00,10,302,False,11,0,137,67,28,2012-01-19 00:45:00,2,7,0,2012-01-19 00:53:58,63,DAILY
8,2012-1-19,27,0,0,94,3,0,0,END_OF_WAKE_WINDOW,487,0,2012-01-20 10:25:00,15,245,False,0,0,205,68,42,2012-01-20 01:45:00,0,7,0,2012-01-20 01:56:51,51,DAILY
7,2012-1-20,20,-1,0,88,4,0,0,END_OF_WAKE_WINDOW,420,0,2012-01-21 10:10:00,10,251,False,2,0,137,59,32,2012-01-21 02:45:00,2,7,0,2012-01-21 02:49:23,61,DAILY
7,2012-1-21,1,0,0,65,1,0,0,END_OF_WAKE_WINDOW,313,0,2012-01-22 08:00:00,4,219,False,0,0,62,44,19,2012-01-22 02:30:00,0,10,0,2012-01-22 02:34:02,71,DAILY
8,2012-1-22,6,0,0,96,4,0,0,END_OF_WAKE_WINDOW,464,0,2012-01-23 10:15:00,11,273,False,0,0,152,66,32,2012-01-23 01:55:00,0,8,0,2012-01-23 01:59:32,60,DAILY
11,2012-1-23,4,0,0,93,4,0,0,END_OF_WAKE_WINDOW,463,0,2012-01-24 10:00:00,10,273,False,0,0,138,65,29,2012-01-24 02:10:00,0,11,0,2012-01-24 02:13:59,60,DAILY
11,2012-1-24,14,0,0,93,4,0,0,END_OF_WAKE_WINDOW,477,0,2012-01-25 10:55:00,10,279,False,0,0,147,68,30,2012-01-25 02:40:00,0,10,0,2012-01-25 02:44:50,60,DAILY
10,2012-1-25,27,0,0,94,3,0,0,END_OF_WAKE_WINDOW,441,0,2012-01-26 09:50:00,10,256,False,0,0,138,62,31,2012-01-26 01:55:00,0,10,0,2012-01-26 02:01:42,59,DAILY
12,2012-1-26,12,-1,0,97,3,0,0,END_OF_WAKE_WINDOW,477,0,2012-01-27 09:55:00,11,262,False,4,0,159,68,33,2012-01-27 01:40:00,1,11,0,2012-01-27 01:44:21,56,DAILY
7,2012-1-27,15,-1,0,85,3,1,0,END_OF_WAKE_WINDOW,407,0,2012-01-28 08:55:00,8,256,False,5,0,120,57,29,2012-01-28 01:45:00,2,7,0,2012-01-28 01:49:11,63,DAILY
10,2012-1-29,5,-1,0,96,3,0,0,END_OF_WAKE_WINDOW,489,0,2012-01-30 09:05:00,11,290,False,2,0,152,69,30,2012-01-30 00:35:00,2,9,0,2012-01-30 00:46:00,61,DAILY
6,2012-1-30,29,0,0,91,3,0,0,END_OF_WAKE_WINDOW,411,0,2012-01-31 09:30:00,10,247,False,0,0,136,58,32,2012-01-31 01:50:00,0,6,0,2012-01-31 01:55:55,62,DAILY
9,2012-1-31,20,0,0,97,3,0,0,END_OF_WAKE_WINDOW,454,0,2012-02-01 10:10:00,10,266,False,0,0,145,65,31,2012-02-01 02:00:00,0,9,0,2012-02-01 02:08:42,60,DAILY
10,2012-2-1,12,-1,0,96,4,0,0,END_OF_WAKE_WINDOW,473,0,2012-02-02 09:20:00,9,293,False,3,0,131,68,27,2012-02-02 01:05:00,1,10,0,2012-02-02 01:10:43,63,DAILY
9,2012-2-2,11,0,0,95,3,0,0,END_OF_WAKE_WINDOW,443,0,2012-02-03 09:50:00,11,247,False,0,0,155,62,35,2012-02-03 02:10:00,0,9,0,2012-02-03 02:15:17,56,DAILY
9,2012-2-6,3,0,0,90,4,0,0,END_OF_WAKE_WINDOW,443,0,2012-02-07 09:40:00,11,250,False,0,0,153,62,34,2012-02-07 02:05:00,0,9,0,2012-02-07 02:15:26,57,DAILY
12,2012-2-7,4,0,0,87,4,0,0,END_OF_WAKE_WINDOW,441,0,2012-02-08 10:20:00,9,263,False,0,0,123,62,27,2012-02-08 02:20:00,0,12,0,2012-02-08 02:24:43,61,DAILY
12,2012-2-8,14,0,0,85,3,0,0,END_OF_WAKE_WINDOW,411,0,2012-02-09 08:55:00,7,255,False,0,0,100,58,24,2012-02-09 01:45:00,0,13,0,2012-02-09 01:51:52,63,DAILY
11,2012-2-9,2,-1,0,94,4,0,0,END_OF_WAKE_WINDOW,476,0,2012-02-10 09:25:00,10,279,False,1,0,147,68,30,2012-02-10 01:15:00,1,10,0,2012-02-10 01:25:56,60,DAILY
9,2012-2-10,1,0,0,58,2,0,0,END_OF_WAKE_WINDOW,286,0,2012-02-11 08:00:00,4,193,False,0,0,54,40,18,2012-02-11 03:05:00,0,13,0,2012-02-11 03:11:02,69,DAILY
10,2012-2-11,3,0,0,89,4,0,0,END_OF_WAKE_WINDOW,437,0,2012-02-12 10:30:00,11,230,False,0,0,159,62,36,2012-02-12 03:00:00,0,11,0,2012-02-12 03:07:25,53,DAILY
10,2012-2-12,4,-2,0,81,3,0,0,END_OF_WAKE_WINDOW,345,0,2012-02-13 09:55:00,6,209,False,3,0,88,50,25,2012-02-13 03:25:00,3,13,0,2012-02-13 03:31:23,62,DAILY
9,2012-2-13,11,-1,0,95,0,1,0,END_OF_WAKE_WINDOW,454,0,2012-02-14 09:25:00,10,266,False,7,0,146,64,31,2012-02-14 01:15:00,2,9,0,2012-02-14 01:30:36,59,DAILY
13,2012-2-14,1,0,0,88,3,0,0,END_OF_WAKE_WINDOW,436,0,2012-02-15 10:00:00,8,266,False,0,0,110,61,25,2012-02-15 02:20:00,0,13,0,2012-02-15 02:23:51,62,DAILY
13,2012-2-15,16,-1,0,85,3,0,0,END_OF_WAKE_WINDOW,498,0,2012-02-16 10:15:00,8,323,False,1,0,111,71,22,2012-02-16 01:35:00,1,12,0,2012-02-16 01:38:42,66,DAILY
14,2012-2-16,1,0,0,82,3,0,0,END_OF_WAKE_WINDOW,384,0,2012-02-17 11:35:00,6,237,False,0,0,81,54,20,2012-02-17 04:40:00,0,17,0,2012-02-17 04:52:58,63,DAILY
11,2012-2-17,1,0,0,92,3,0,0,END_OF_WAKE_WINDOW,492,0,2012-02-18 12:55:00,13,254,False,0,0,186,70,37,2012-02-18 04:30:00,0,10,0,2012-02-18 04:40:54,53,DAILY
6,2012-2-18,7,-1,0,0,2,0,0,NO_ALARM,299,0,2012-02-19 08:05:00,4,206,False,1,0,63,44,21,2012-02-19 02:50:00,1,10,0,2012-02-19 02:58:02,69,DAILY
9,2012-2-20,2,0,0,91,3,0,0,END_OF_WAKE_WINDOW,455,0,2012-02-21 10:05:00,9,281,False,0,0,131,65,28,2012-02-21 02:25:00,0,9,0,2012-02-21 02:26:40,63,DAILY
7,2012-2-21,42,-1,0,103,4,0,0,END_OF_WAKE_WINDOW,456,0,2012-02-22 09:50:00,11,267,False,1,0,155,65,33,2012-02-22 01:25:00,1,7,0,2012-02-22 01:30:24,60,DAILY
8,2012-2-22,13,-1,0,80,2,0,0,END_OF_WAKE_WINDOW,387,0,2012-02-23 08:00:00,8,242,False,2,0,107,55,27,2012-02-23 01:20:00,1,9,0,2012-02-23 01:23:37,64,DAILY
9,2012-2-23,22,-1,0,86,3,0,0,END_OF_WAKE_WINDOW,375,0,2012-02-24 09:05:00,10,191,False,4,0,144,53,38,2012-02-24 01:50:00,1,10,0,2012-02-24 02:08:21,52,DAILY
7,2012-2-24,9,-1,0,97,4,0,0,END_OF_WAKE_WINDOW,464,0,2012-02-25 10:15:00,12,266,False,3,0,166,65,35,2012-02-25 02:05:00,2,6,0,2012-02-25 02:17:21,59,DAILY
7,2012-2-25,1,-1,0,96,4,1,0,END_OF_WAKE_WINDOW,430,0,2012-02-26 10:50:00,10,261,False,5,0,139,60,31,2012-02-26 02:40:00,1,7,0,2012-02-26 02:46:49,61,DAILY
6,2012-2-28,1,0,0,84,3,0,0,END_OF_WAKE_WINDOW,371,0,2012-02-29 10:00:00,8,225,False,0,0,118,53,31,2012-02-29 02:55:00,0,7,0,2012-02-29 03:06:27,62,DAILY
6,2012-2-29,5,0,0,77,3,0,0,END_OF_WAKE_WINDOW,376,0,2012-03-01 10:00:00,8,239,False,0,0,107,53,28,2012-03-01 03:30:00,0,8,0,2012-03-01 03:37:44,64,DAILY
5,2012-3-1,1,0,0,73,0,0,0,END_OF_WAKE_WINDOW,355,0,2012-03-02 10:00:00,6,243,False,0,0,89,50,24,2012-03-02 03:35:00,0,6,0,2012-03-02 03:48:47,70,DAILY
15,2012-3-3,16,-2,0,76,2,2,0,END_OF_WAKE_WINDOW,348,-1,2012-03-04 08:10:00,4,221,False,8,0,57,50,15,2012-03-04 01:40:00,3,19,0,2012-03-04 01:45:32,64,DAILY
10,2012-3-4,52,0,0,92,3,0,0,END_OF_WAKE_WINDOW,403,0,2012-03-05 09:55:00,9,228,False,0,0,130,57,32,2012-03-05 02:00:00,0,11,0,2012-03-05 02:06:48,57,DAILY
9,2012-3-5,54,-1,0,89,3,0,0,END_OF_WAKE_WINDOW,398,0,2012-03-06 09:50:00,8,236,False,1,0,118,58,29,2012-03-06 02:15:00,1,11,0,2012-03-06 02:21:00,60,DAILY
11,2012-3-6,10,-1,0,97,3,0,0,END_OF_WAKE_WINDOW,473,0,2012-03-07 09:05:00,9,290,False,1,0,130,68,27,2012-03-07 00:55:00,1,11,0,2012-03-07 00:59:52,62,DAILY
9,2012-3-7,22,-1,0,96,0,0,0,END_OF_WAKE_WINDOW,454,0,2012-03-08 10:05:00,12,238,False,2,0,174,65,38,2012-03-08 02:00:00,1,9,0,2012-03-08 02:04:32,53,DAILY
2,2012-3-8,1,-1,0,70,3,0,0,END_OF_WAKE_WINDOW,419,0,2012-03-09 11:10:00,14,209,False,4,0,198,60,46,2012-03-09 04:10:00,1,2,0,2012-03-09 04:11:57,52,DAILY
9,2012-3-9,1,0,0,70,3,0,0,END_OF_WAKE_WINDOW,515,0,2012-03-10 12:50:00,12,300,False,0,0,171,73,33,2012-03-10 04:10:00,0,8,0,2012-03-10 04:15:25,59,DAILY
9,2012-3-10,2,0,0,96,3,0,0,END_OF_WAKE_WINDOW,507,0,2012-03-11 08:55:00,8,355,False,0,0,110,72,21,2012-03-11 00:25:00,0,8,0,2012-03-11 00:28:30,71,DAILY
9,2012-3-11,16,-2,0,81,4,2,0,END_OF_WAKE_WINDOW,441,-1,2012-03-12 09:20:00,11,239,False,9,0,160,63,35,2012-03-12 01:40:00,4,9,0,2012-03-12 01:44:13,54,DAILY
8,2012-3-12,1,-1,0,109,3,0,0,END_OF_WAKE_WINDOW,485,0,2012-03-13 08:55:00,11,288,False,2,0,160,69,32,2012-03-13 00:40:00,1,7,0,2012-03-13 00:45:05,61,DAILY
9,2012-3-13,7,-1,0,94,3,0,0,END_OF_WAKE_WINDOW,412,0,2012-03-14 09:40:00,9,247,False,3,0,124,58,29,2012-03-14 01:55:00,1,10,0,2012-03-14 01:57:35,61,DAILY
8,2012-3-14,71,0,0,116,4,0,0,END_OF_WAKE_WINDOW,496,0,2012-03-15 09:35:00,13,279,False,0,0,180,70,36,2012-03-15 00:05:00,0,7,0,2012-03-15 00:08:18,57,DAILY
12,2012-3-15,17,-1,0,97,4,0,0,END_OF_WAKE_WINDOW,475,0,2012-03-16 09:50:00,10,282,False,4,0,138,66,28,2012-03-16 01:40:00,2,11,0,2012-03-16 01:45:13,61,DAILY
10,2012-3-16,8,-1,0,82,4,1,0,END_OF_WAKE_WINDOW,447,0,2012-03-17 10:30:00,9,268,False,7,0,133,64,29,2012-03-17 02:55:00,1,10,0,2012-03-17 02:57:58,60,DAILY
13,2012-3-17,1,-1,0,66,3,0,0,END_OF_WAKE_WINDOW,325,0,2012-03-18 06:55:00,2,234,False,2,0,32,46,9,2012-03-18 01:25:00,1,18,0,2012-03-18 01:29:26,73,DAILY
4,2012-3-18,34,0,0,56,0,0,0,END_OF_WAKE_WINDOW,177,0,2012-03-19 05:50:00,2,129,False,0,0,27,25,15,2012-03-19 02:15:00,0,11,0,2012-03-19 02:17:43,74,DAILY
6,2012-3-19,46,0,0,62,3,0,0,END_OF_WAKE_WINDOW,398,0,2012-03-20 09:15:00,9,235,False,0,0,134,57,33,2012-03-20 01:45:00,0,7,0,2012-03-20 01:51:06,60,DAILY
8,2012-3-20,13,-1,0,88,3,0,0,END_OF_WAKE_WINDOW,413,0,2012-03-21 09:50:00,9,243,False,2,0,131,59,31,2012-03-21 02:35:00,1,9,0,2012-03-21 02:42:23,60,DAILY
11,2012-3-21,20,0,0,0,3,0,0,NO_ALARM,382,0,2012-03-22 10:05:00,9,212,False,0,0,121,53,31,2012-03-22 03:20:00,0,13,0,2012-03-22 03:26:02,56,DAILY
9,2012-3-23,10,0,0,94,3,0,0,END_OF_WAKE_WINDOW,430,0,2012-03-24 10:25:00,11,234,False,0,0,153,61,35,2012-03-24 03:05:00,0,10,0,2012-03-24 03:10:02,55,DAILY
6,2012-3-25,19,0,0,0,3,0,0,NO_ALARM,451,0,2012-03-26 09:35:00,11,268,False,0,0,155,64,34,2012-03-26 01:45:00,0,6,0,2012-03-26 01:49:38,60,DAILY
4,2012-3-27,19,-1,0,81,3,0,0,END_OF_WAKE_WINDOW,377,0,2012-03-28 10:45:00,12,198,False,3,0,163,53,42,2012-03-28 04:10:00,1,4,0,2012-03-28 04:14:53,54,DAILY
11,2012-3-28,10,-1,0,111,4,0,0,END_OF_WAKE_WINDOW,509,0,2012-03-29 10:25:00,12,291,False,3,0,167,71,32,2012-03-29 01:40:00,2,10,0,2012-03-29 01:42:36,58,DAILY
9,2012-3-29,8,-1,0,74,3,0,0,END_OF_WAKE_WINDOW,353,0,2012-03-30 10:45:00,5,232,False,1,0,77,51,21,2012-03-30 04:45:00,1,12,0,2012-03-30 04:49:22,67,DAILY
12,2012-3-30,15,-2,0,72,3,0,0,END_OF_WAKE_WINDOW,343,0,2012-03-31 06:55:00,6,201,False,3,0,85,48,24,2012-03-31 00:55:00,4,16,0,2012-03-31 01:01:47,60,DAILY
9,2012-3-31,6,-1,0,78,3,0,0,END_OF_WAKE_WINDOW,386,0,2012-04-01 07:05:00,9,222,False,4,0,122,54,31,2012-04-01 00:25:00,2,10,0,2012-04-01 00:31:15,59,DAILY
11,2012-4-1,6,-1,0,52,4,0,0,END_OF_WAKE_WINDOW,479,0,2012-04-02 10:50:00,12,256,False,3,0,174,67,35,2012-04-02 02:35:00,2,10,0,2012-04-02 02:42:35,55,DAILY
7,2012-4-2,14,-1,0,83,4,0,0,END_OF_WAKE_WINDOW,400,0,2012-04-03 10:15:00,9,235,False,1,0,132,58,32,2012-04-03 03:20:00,1,8,0,2012-04-03 03:23:08,60,DAILY
10,2012-4-3,8,0,0,107,3,0,0,END_OF_WAKE_WINDOW,499,0,2012-04-04 10:15:00,13,268,False,0,0,183,71,36,2012-04-04 01:20:00,0,9,0,2012-04-04 01:27:11,55,DAILY
10,2012-4-5,2,-1,0,97,0,0,0,END_OF_WAKE_WINDOW,480,0,2012-04-06 11:15:00,8,324,False,2,0,108,68,22,2012-04-06 03:10:00,2,10,0,2012-04-06 03:13:14,68,DAILY
6,2012-4-6,2,0,0,75,0,0,0,END_OF_WAKE_WINDOW,136,0,2012-04-07 05:50:00,0,102,False,0,0,7,19,5,2012-04-07 03:30:00,0,19,0,2012-04-07 03:33:10,76,DAILY
11,2012-4-7,20,0,0,96,4,0,0,END_OF_WAKE_WINDOW,483,0,2012-04-08 11:10:00,12,258,False,0,0,176,68,36,2012-04-08 02:45:00,0,10,0,2012-04-08 02:48:42,54,DAILY
8,2012-4-8,16,0,0,108,3,0,0,END_OF_WAKE_WINDOW,353,0,2012-04-09 08:00:00,6,233,False,0,0,84,49,23,2012-04-09 01:45:00,0,10,0,2012-04-09 01:48:32,67,DAILY
9,2012-4-9,11,-1,0,70,3,1,0,END_OF_WAKE_WINDOW,421,-1,2012-04-10 11:40:00,12,204,False,8,0,176,60,40,2012-04-10 04:15:00,2,9,0,2012-04-10 04:17:50,50,DAILY
7,2012-4-10,17,0,0,86,0,0,0,END_OF_WAKE_WINDOW,340,0,2012-04-11 10:20:00,7,210,False,0,0,98,48,28,2012-04-11 03:05:00,0,9,0,2012-04-11 03:11:24,63,DAILY
14,2012-4-11,12,0,0,92,4,0,0,END_OF_WAKE_WINDOW,459,0,2012-04-12 10:30:00,11,239,False,0,0,153,65,33,2012-04-12 02:35:00,0,14,0,2012-04-12 02:39:21,53,DAILY
13,2012-4-12,1,0,0,90,4,0,0,END_OF_WAKE_WINDOW,461,0,2012-04-13 10:30:00,10,258,False,0,0,143,65,30,2012-04-13 02:45:00,0,13,0,2012-04-13 02:51:02,57,DAILY
10,2012-4-13,2,0,0,81,3,0,0,END_OF_WAKE_WINDOW,366,0,2012-04-14 10:35:00,7,225,False,0,0,93,52,25,2012-04-14 04:00:00,0,13,0,2012-04-14 04:05:11,62,DAILY
9,2012-4-14,26,-1,0,99,3,0,0,END_OF_WAKE_WINDOW,461,0,2012-04-15 10:40:00,12,254,False,1,0,164,65,35,2012-04-15 02:30:00,1,9,0,2012-04-15 02:36:30,56,DAILY
9,2012-4-15,12,-1,0,107,4,1,0,END_OF_WAKE_WINDOW,466,0,2012-04-16 10:00:00,11,275,False,6,0,150,65,31,2012-04-16 01:50:00,2,8,0,2012-04-16 01:54:00,60,DAILY
12,2012-4-16,15,0,0,92,4,0,0,END_OF_WAKE_WINDOW,442,0,2012-04-17 09:50:00,8,266,False,0,0,118,63,26,2012-04-17 02:05:00,0,13,0,2012-04-17 02:10:54,61,DAILY
11,2012-4-17,2,0,0,90,4,0,0,END_OF_WAKE_WINDOW,450,0,2012-04-18 10:10:00,10,265,False,0,0,135,63,29,2012-04-18 02:30:00,0,11,0,2012-04-18 02:32:18,60,DAILY
10,2012-4-19,9,-1,0,71,3,0,0,END_OF_WAKE_WINDOW,337,0,2012-04-19 12:10:00,2,262,False,2,0,28,48,8,2012-04-19 06:05:00,1,14,0,2012-04-19 06:07:00,78,DAILY
17,2012-4-20,10,0,0,97,4,0,0,END_OF_WAKE_WINDOW,486,0,2012-04-21 10:45:00,8,287,False,0,0,119,69,24,2012-04-21 02:25:00,0,16,0,2012-04-21 02:30:31,60,DAILY
7,2012-4-21,1,0,0,43,0,0,0,END_OF_WAKE_WINDOW,215,0,2012-04-22 08:10:00,1,163,False,0,0,19,31,8,2012-04-22 04:25:00,0,15,0,2012-04-22 04:31:07,77,DAILY
10,2012-4-22,30,0,0,94,4,0,0,END_OF_WAKE_WINDOW,421,0,2012-04-23 10:55:00,11,221,False,0,0,153,60,36,2012-04-23 03:10:00,0,11,0,2012-04-23 03:22:40,53,DAILY
16,2012-4-26,2,-1,0,0,4,0,0,NO_ALARM,547,0,2012-04-27 10:20:00,8,360,False,2,0,113,78,20,2012-04-27 00:50:00,1,13,0,2012-04-27 00:52:40,67,DAILY
8,2012-4-27,21,-1,0,73,3,1,0,END_OF_WAKE_WINDOW,334,0,2012-04-28 07:55:00,5,223,False,4,0,76,47,22,2012-04-28 01:45:00,2,10,0,2012-04-28 02:02:04,67,DAILY
10,2012-5-1,8,-2,0,83,0,1,0,END_OF_WAKE_WINDOW,394,0,2012-05-02 11:10:00,8,235,False,5,0,111,56,27,2012-05-02 04:10:00,3,12,0,2012-05-02 04:14:33,60,DAILY
12,2012-5-2,13,-1,0,95,4,0,0,END_OF_WAKE_WINDOW,469,0,2012-05-03 11:35:00,11,265,False,4,0,150,66,31,2012-05-03 03:35:00,1,11,0,2012-05-03 03:40:24,58,DAILY
17,2012-5-3,7,0,0,78,3,0,0,END_OF_WAKE_WINDOW,302,0,2012-05-04 10:30:00,3,181,False,0,0,41,43,13,2012-05-04 04:00:00,0,26,0,2012-05-04 04:08:06,61,DAILY
8,2012-5-4,6,-1,0,61,3,0,0,END_OF_WAKE_WINDOW,299,0,2012-05-05 09:05:00,6,175,False,1,0,88,43,29,2012-05-05 03:55:00,1,12,0,2012-05-05 03:58:12,59,DAILY
6,2012-5-6,5,-1,0,74,4,0,0,END_OF_WAKE_WINDOW,436,0,2012-05-07 10:50:00,11,256,False,3,0,151,61,34,2012-05-07 03:20:00,2,6,0,2012-05-07 03:29:43,60,DAILY
10,2012-5-7,3,-1,0,84,4,0,0,END_OF_WAKE_WINDOW,366,0,2012-05-08 11:35:00,7,221,False,2,0,100,52,27,2012-05-08 04:30:00,1,12,0,2012-05-08 04:34:10,61,DAILY
4,2012-5-8,3,-1,0,62,0,10,0,END_OF_WAKE_WINDOW,160,-1,2012-05-09 09:15:00,3,95,False,19,0,47,22,26,2012-05-09 05:50:00,2,10,0,2012-05-09 05:56:00,54,DAILY
5,2012-5-11,1,0,0,73,0,0,0,END_OF_WAKE_WINDOW,95,0,2012-05-12 05:55:00,0,71,False,0,0,2,13,2,2012-05-12 03:55:00,0,23,0,2012-05-12 04:08:13,75,DAILY
7,2012-5-13,1,0,0,74,3,0,0,END_OF_WAKE_WINDOW,326,0,2012-05-14 08:40:00,5,225,False,0,0,68,46,20,2012-05-14 02:20:00,0,10,0,2012-05-14 02:26:35,70,DAILY
11,2012-5-14,3,0,0,61,2,0,0,END_OF_WAKE_WINDOW,304,0,2012-05-15 08:30:00,4,194,False,0,0,56,43,18,2012-05-15 03:15:00,0,17,0,2012-05-15 03:23:07,65,DAILY
11,2012-5-15,1,-1,0,62,0,1,0,END_OF_WAKE_WINDOW,352,0,2012-05-16 11:05:00,6,211,False,4,0,89,50,24,2012-05-16 05:20:00,1,14,0,2012-05-16 05:23:57,61,DAILY
6,2012-5-16,4,0,0,94,0,0,0,END_OF_WAKE_WINDOW,77,0,2012-05-17 01:45:00,0,45,False,0,0,6,11,7,2012-05-17 00:25:00,0,33,0,2012-05-17 00:29:07,60,DAILY
8,2012-5-17,2,0,0,77,3,0,0,END_OF_WAKE_WINDOW,373,0,2012-05-18 10:15:00,13,157,False,0,0,180,52,48,2012-05-18 03:45:00,0,9,0,2012-05-18 03:49:56,43,DAILY
7,2012-5-18,3,0,0,70,3,0,0,END_OF_WAKE_WINDOW,352,0,2012-05-19 05:20:00,5,255,False,0,0,66,49,18,2012-05-18 23:25:00,0,8,0,2012-05-18 23:27:58,74,DAILY
8,2012-5-20,13,-1,0,91,3,0,0,END_OF_WAKE_WINDOW,435,0,2012-05-21 08:40:00,10,252,False,2,0,144,62,32,2012-05-21 01:00:00,1,8,0,2012-05-21 01:10:15,60,DAILY
10,2012-5-21,24,0,0,82,3,0,0,END_OF_WAKE_WINDOW,380,0,2012-05-22 09:35:00,8,216,False,0,0,116,54,30,2012-05-22 02:45:00,0,12,0,2012-05-22 02:53:32,58,DAILY
12,2012-5-22,2,-1,0,87,3,0,0,END_OF_WAKE_WINDOW,438,0,2012-05-23 09:45:00,11,224,False,2,0,159,62,36,2012-05-23 02:20:00,1,12,0,2012-05-23 02:25:12,52,DAILY
8,2012-5-23,2,-1,0,92,4,0,0,END_OF_WAKE_WINDOW,454,0,2012-05-24 09:35:00,12,242,False,4,0,176,65,38,2012-05-24 01:55:00,1,7,0,2012-05-24 01:57:54,55,DAILY
10,2012-5-24,18,0,0,84,4,0,0,END_OF_WAKE_WINDOW,400,0,2012-05-25 08:40:00,6,266,False,0,0,88,57,22,2012-05-25 01:35:00,0,11,0,2012-05-25 01:42:32,67,DAILY
15,2012-5-25,2,-1,0,0,5,0,0,NO_ALARM,614,0,2012-05-26 11:25:00,16,316,False,1,0,227,87,36,2012-05-26 01:00:00,1,11,0,2012-05-26 01:02:42,53,DAILY
7,2012-5-26,42,-1,0,79,2,0,0,END_OF_WAKE_WINDOW,352,0,2012-05-27 08:00:00,6,228,False,1,0,92,51,25,2012-05-27 01:20:00,1,9,0,2012-05-27 01:22:54,66,DAILY
12,2012-5-27,2,0,0,63,4,0,0,END_OF_WAKE_WINDOW,492,0,2012-05-28 10:55:00,13,249,False,0,0,187,70,37,2012-05-28 02:40:00,0,11,0,2012-05-28 02:43:29,52,DAILY
10,2012-5-28,12,-1,0,88,3,0,0,END_OF_WAKE_WINDOW,417,0,2012-05-29 08:10:00,8,256,False,3,0,113,60,26,2012-05-29 00:45:00,1,11,0,2012-05-29 00:52:51,63,DAILY
12,2012-5-29,25,-1,0,87,3,0,0,END_OF_WAKE_WINDOW,404,0,2012-05-30 08:45:00,7,242,False,2,0,105,58,25,2012-05-30 01:25:00,1,14,0,2012-05-30 01:29:09,61,DAILY
10,2012-5-30,5,0,0,76,3,0,0,END_OF_WAKE_WINDOW,342,0,2012-05-31 08:20:00,8,180,False,0,0,116,48,33,2012-05-31 02:20:00,0,13,0,2012-05-31 02:25:52,54,DAILY
9,2012-6-1,3,-1,0,90,0,0,0,END_OF_WAKE_WINDOW,490,0,2012-06-02 11:25:00,14,252,False,2,0,195,70,39,2012-06-02 03:10:00,1,8,0,2012-06-02 03:12:39,53,DAILY
11,2012-6-8,3,0,0,70,3,0,0,END_OF_WAKE_WINDOW,345,0,2012-06-09 09:10:00,7,195,False,0,0,96,49,27,2012-06-09 03:15:00,0,15,0,2012-06-09 03:22:27,58,DAILY
11,2012-6-9,3,-1,0,98,4,0,0,END_OF_WAKE_WINDOW,487,0,2012-06-10 11:05:00,13,252,False,3,0,182,69,37,2012-06-10 02:55:00,2,10,0,2012-06-10 02:59:38,53,DAILY
14,2012-6-10,24,-1,0,92,3,0,0,END_OF_WAKE_WINDOW,431,0,2012-06-11 09:20:00,9,236,False,2,0,131,61,30,2012-06-11 01:35:00,1,14,0,2012-06-11 01:41:59,56,DAILY
10,2012-6-11,10,0,0,76,3,0,0,END_OF_WAKE_WINDOW,367,0,2012-06-12 09:10:00,6,235,False,0,0,87,52,23,2012-06-12 02:45:00,0,12,0,2012-06-12 02:51:40,65,DAILY
9,2012-6-12,4,0,0,77,3,0,0,END_OF_WAKE_WINDOW,379,0,2012-06-13 09:10:00,7,237,False,0,0,100,54,26,2012-06-13 02:40:00,0,11,0,2012-06-13 02:46:17,63,DAILY
7,2012-6-13,6,0,0,89,3,0,0,END_OF_WAKE_WINDOW,441,0,2012-06-14 09:15:00,11,250,False,0,0,157,63,35,2012-06-14 01:40:00,0,7,0,2012-06-14 01:45:19,58,DAILY
9,2012-6-14,6,-1,0,72,2,0,0,END_OF_WAKE_WINDOW,346,0,2012-06-15 10:25:00,7,198,False,3,0,104,50,29,2012-06-15 04:25:00,1,12,0,2012-06-15 04:28:47,59,DAILY
11,2012-6-15,23,0,0,118,4,0,0,END_OF_WAKE_WINDOW,566,0,2012-06-16 10:30:00,15,298,False,0,0,214,81,37,2012-06-16 00:35:00,0,9,0,2012-06-16 00:41:40,54,DAILY
11,2012-6-16,1,-2,0,72,0,3,0,END_OF_WAKE_WINDOW,444,-1,2012-06-17 11:55:00,14,191,False,15,0,204,63,44,2012-06-17 04:25:00,3,10,0,2012-06-17 04:30:10,43,DAILY
7,2012-6-17,14,-1,0,84,3,0,0,END_OF_WAKE_WINDOW,400,0,2012-06-18 09:25:00,7,266,False,3,0,100,57,24,2012-06-18 02:20:00,1,8,0,2012-06-18 02:27:01,68,DAILY
5,2012-6-18,16,-1,0,74,3,0,0,END_OF_WAKE_WINDOW,353,0,2012-06-19 09:40:00,7,224,False,1,0,105,51,29,2012-06-19 03:25:00,1,6,0,2012-06-19 03:29:13,65,DAILY
10,2012-6-19,23,0,0,90,0,0,0,END_OF_WAKE_WINDOW,428,0,2012-06-20 08:20:00,7,286,False,0,0,95,60,22,2012-06-20 00:45:00,0,10,0,2012-06-20 00:47:39,68,DAILY
14,2012-6-20,1,0,0,83,0,0,0,END_OF_WAKE_WINDOW,68,0,2012-06-21 04:50:00,0,4,False,0,0,0,9,0,2012-06-21 03:35:00,0,94,0,2012-06-21 03:39:40,6,DAILY
7,2012-6-22,20,-1,0,96,3,0,0,END_OF_WAKE_WINDOW,459,0,2012-06-23 10:40:00,15,222,False,1,0,206,65,44,2012-06-23 02:35:00,1,6,0,2012-06-23 02:41:52,50,DAILY
9,2012-6-23,7,0,0,97,3,0,0,END_OF_WAKE_WINDOW,200,0,2012-06-24 06:00:00,0,153,False,0,0,4,29,2,2012-06-24 02:30:00,0,21,0,2012-06-24 02:34:46,77,DAILY
11,2012-6-24,5,-1,0,86,3,0,0,END_OF_WAKE_WINDOW,433,0,2012-06-25 09:50:00,8,266,False,2,0,114,62,26,2012-06-25 02:25:00,1,12,0,2012-06-25 02:29:34,62,DAILY
12,2012-6-25,26,0,0,86,3,0,0,END_OF_WAKE_WINDOW,407,0,2012-06-26 08:30:00,8,242,False,0,0,110,57,26,2012-06-26 01:10:00,0,13,0,2012-06-26 01:14:39,61,DAILY
13,2012-6-26,17,0,0,85,3,0,0,END_OF_WAKE_WINDOW,408,0,2012-06-27 09:05:00,10,202,False,0,0,145,58,35,2012-06-27 01:55:00,0,14,0,2012-06-27 01:57:40,51,DAILY
11,2012-6-27,5,0,0,84,3,0,0,END_OF_WAKE_WINDOW,415,0,2012-06-28 09:10:00,9,233,False,0,0,129,59,31,2012-06-28 02:05:00,0,12,0,2012-06-28 02:08:17,57,DAILY
9,2012-6-28,2,-1,0,85,3,2,0,END_OF_WAKE_WINDOW,413,-1,2012-06-29 09:00:00,11,215,False,10,0,158,59,37,2012-06-29 01:50:00,1,9,0,2012-06-29 01:53:07,52,DAILY
12,2012-6-29,12,0,0,97,3,0,0,END_OF_WAKE_WINDOW,470,0,2012-06-30 10:35:00,11,262,False,0,0,150,67,31,2012-06-30 02:25:00,0,12,0,2012-06-30 02:30:48,57,DAILY
12,2012-7-1,12,0,0,83,3,0,0,END_OF_WAKE_WINDOW,406,0,2012-07-02 09:10:00,7,246,False,0,0,104,58,25,2012-07-02 02:10:00,0,14,0,2012-07-02 02:13:44,61,DAILY
9,2012-7-2,19,0,0,88,3,0,0,END_OF_WAKE_WINDOW,422,0,2012-07-03 09:15:00,8,270,False,0,0,109,60,25,2012-07-03 01:45:00,0,10,0,2012-07-03 01:51:21,65,DAILY
10,2012-7-3,3,0,0,94,0,0,0,END_OF_WAKE_WINDOW,472,0,2012-07-04 10:15:00,10,277,False,0,0,146,68,30,2012-07-04 02:15:00,0,10,0,2012-07-04 02:19:15,60,DAILY
10,2012-7-4,18,-1,0,68,0,2,0,END_OF_WAKE_WINDOW,315,-1,2012-07-05 08:00:00,6,180,False,8,0,87,46,26,2012-07-05 02:10:00,1,14,0,2012-07-05 02:17:05,58,DAILY
9,2012-7-15,12,0,0,86,3,0,0,END_OF_WAKE_WINDOW,419,0,2012-07-16 09:15:00,6,292,False,0,0,85,59,20,2012-07-16 01:55:00,0,9,0,2012-07-16 02:01:32,71,DAILY
12,2012-7-16,14,0,0,93,3,0,0,END_OF_WAKE_WINDOW,449,0,2012-07-17 08:35:00,6,308,False,0,0,83,64,18,2012-07-17 00:45:00,0,13,0,2012-07-17 00:51:08,69,DAILY
11,2012-7-17,3,-1,0,98,0,0,0,END_OF_WAKE_WINDOW,502,0,2012-07-18 08:50:00,9,323,False,2,0,126,71,25,2012-07-18 00:20:00,2,10,0,2012-07-18 00:27:57,65,DAILY
4,2012-7-18,11,0,0,93,0,0,0,END_OF_WAKE_WINDOW,108,0,2012-07-19 03:05:00,2,63,False,0,0,27,15,25,2012-07-19 01:05:00,0,16,0,2012-07-19 01:07:09,59,DAILY
10,2012-7-22,26,0,0,91,3,0,0,END_OF_WAKE_WINDOW,426,0,2012-07-23 08:45:00,8,264,False,0,0,113,61,26,2012-07-23 01:05:00,0,11,0,2012-07-23 01:11:27,63,DAILY
11,2012-7-23,5,-1,0,79,3,0,0,END_OF_WAKE_WINDOW,424,0,2012-07-24 09:45:00,11,222,False,1,0,153,60,36,2012-07-24 02:25:00,1,11,0,2012-07-24 02:33:34,53,DAILY
11,2012-7-24,63,0,0,84,2,0,0,END_OF_WAKE_WINDOW,363,0,2012-07-25 08:20:00,6,227,False,0,0,87,51,23,2012-07-25 01:10:00,0,13,0,2012-07-25 01:13:52,64,DAILY
10,2012-7-26,4,0,0,93,3,0,0,END_OF_WAKE_WINDOW,458,0,2012-07-27 08:35:00,11,251,False,0,0,161,65,35,2012-07-27 00:45:00,0,10,0,2012-07-27 00:51:40,55,DAILY
14,2012-7-27,2,0,0,85,3,0,0,END_OF_WAKE_WINDOW,426,0,2012-07-28 11:50:00,12,199,False,1,0,163,60,38,2012-07-28 04:25:00,0,15,0,2012-07-28 04:29:28,47,DAILY
10,2012-7-28,9,0,0,93,4,0,0,END_OF_WAKE_WINDOW,516,0,2012-07-29 12:25:00,13,287,False,1,0,184,73,35,2012-07-29 03:45:00,0,8,0,2012-07-29 03:47:59,57,DAILY
12,2012-7-29,16,0,0,88,3,0,0,END_OF_WAKE_WINDOW,425,0,2012-07-30 08:45:00,6,285,False,0,0,83,60,19,2012-07-30 01:20:00,0,13,0,2012-07-30 01:23:01,68,DAILY
8,2012-7-30,17,0,0,87,3,0,0,END_OF_WAKE_WINDOW,424,0,2012-07-31 09:15:00,10,248,False,0,0,138,60,32,2012-07-31 01:55:00,0,8,0,2012-07-31 01:59:51,60,DAILY
10,2012-7-31,9,-1,0,89,3,0,0,END_OF_WAKE_WINDOW,432,0,2012-08-01 09:40:00,8,276,False,2,0,111,61,25,2012-08-01 02:10:00,1,10,0,2012-08-01 02:16:57,65,DAILY
8,2012-8-1,12,0,0,89,3,0,0,END_OF_WAKE_WINDOW,436,0,2012-08-02 09:35:00,11,244,False,0,0,156,61,35,2012-08-02 02:00:00,0,8,0,2012-08-02 02:05:01,57,DAILY
11,2012-8-2,2,0,0,86,3,0,0,END_OF_WAKE_WINDOW,428,0,2012-08-03 09:50:00,10,240,False,0,0,138,60,32,2012-08-03 02:35:00,0,11,0,2012-08-03 02:38:56,57,DAILY
6,2012-8-4,2,-1,0,100,3,0,0,END_OF_WAKE_WINDOW,485,0,2012-08-05 11:25:00,12,291,False,3,0,165,69,33,2012-08-05 03:25:00,1,6,0,2012-08-05 03:30:18,61,DAILY
7,2012-8-5,41,0,0,72,2,0,0,END_OF_WAKE_WINDOW,319,0,2012-08-06 08:30:00,5,222,False,0,0,66,44,20,2012-08-06 02:25:00,0,9,0,2012-08-06 02:28:52,71,DAILY
8,2012-8-6,139,0,0,97,2,0,0,END_OF_WAKE_WINDOW,466,0,2012-08-07 10:30:00,11,269,False,0,0,160,66,34,2012-08-07 00:20:00,0,7,0,2012-08-07 00:23:37,59,DAILY
9,2012-8-7,15,0,0,90,3,0,0,END_OF_WAKE_WINDOW,463,0,2012-08-08 10:00:00,10,275,False,0,0,145,66,31,2012-08-08 01:55:00,0,9,0,2012-08-08 02:01:01,60,DAILY
9,2012-8-8,5,0,0,85,3,0,0,END_OF_WAKE_WINDOW,430,0,2012-08-09 09:50:00,9,256,False,0,0,132,61,30,2012-08-09 02:30:00,0,9,0,2012-08-09 02:32:36,61,DAILY
7,2012-8-9,17,0,0,79,3,0,0,END_OF_WAKE_WINDOW,396,0,2012-08-10 09:55:00,9,240,False,0,0,123,56,30,2012-08-10 03:00:00,0,8,0,2012-08-10 03:03:28,62,DAILY
13,2012-8-10,1,-1,0,105,4,0,0,END_OF_WAKE_WINDOW,540,0,2012-08-11 11:40:00,14,289,False,3,0,192,76,35,2012-08-11 02:50:00,1,10,0,2012-08-11 02:53:52,55,DAILY
6,2012-8-12,21,0,0,67,2,0,0,END_OF_WAKE_WINDOW,318,0,2012-08-13 08:50:00,4,229,False,0,0,60,46,18,2012-08-13 03:05:00,0,9,0,2012-08-13 03:09:00,73,DAILY
11,2012-8-13,13,-1,0,99,4,0,0,END_OF_WAKE_WINDOW,527,0,2012-08-14 09:30:00,10,337,False,4,0,137,74,25,2012-08-14 00:25:00,2,10,0,2012-08-14 00:28:57,65,DAILY
12,2012-8-15,9,0,0,83,3,0,0,END_OF_WAKE_WINDOW,405,0,2012-08-16 09:50:00,8,236,False,0,0,112,57,27,2012-08-16 02:50:00,0,14,0,2012-08-16 02:54:45,59,DAILY
10,2012-8-16,1,0,0,85,2,0,0,END_OF_WAKE_WINDOW,423,0,2012-08-17 09:25:00,10,241,False,0,0,136,59,32,2012-08-17 02:15:00,0,10,0,2012-08-17 02:17:57,58,DAILY
10,2012-8-18,1,0,0,61,2,0,0,END_OF_WAKE_WINDOW,422,0,2012-08-19 12:30:00,13,195,False,0,0,181,59,42,2012-08-19 05:15:00,0,11,0,2012-08-19 05:16:53,47,DAILY
11,2012-8-19,16,0,0,91,2,0,0,END_OF_WAKE_WINDOW,442,0,2012-08-20 09:00:00,9,261,False,0,0,131,63,29,2012-08-20 01:20:00,0,11,0,2012-08-20 01:24:10,60,DAILY
17,2012-8-21,40,-1,0,239,0,0,0,END_OF_WAKE_WINDOW,568,0,2012-08-22 12:25:00,11,331,False,3,0,156,80,27,2012-08-22 02:10:00,2,14,0,2012-08-22 02:16:20,59,DAILY
10,2012-8-22,22,-2,0,87,3,0,0,END_OF_WAKE_WINDOW,392,0,2012-08-23 10:50:00,7,244,False,3,0,101,56,25,2012-08-23 03:30:00,3,11,0,2012-08-23 03:36:07,64,DAILY
11,2012-8-23,22,0,0,95,3,0,0,END_OF_WAKE_WINDOW,462,0,2012-08-24 11:05:00,7,306,False,0,0,105,66,22,2012-08-24 02:50:00,0,11,0,2012-08-24 02:54:53,67,DAILY
13,2012-8-29,11,0,0,86,3,0,0,END_OF_WAKE_WINDOW,418,0,2012-08-30 09:00:00,9,229,False,0,0,126,60,30,2012-08-30 01:45:00,0,15,0,2012-08-30 01:49:40,55,DAILY
11,2012-8-30,27,0,0,90,0,0,0,END_OF_WAKE_WINDOW,454,0,2012-08-31 10:00:00,9,280,False,0,0,122,64,26,2012-08-31 01:50:00,0,11,0,2012-08-31 01:54:36,63,DAILY
11,2012-8-31,2,-1,0,70,2,0,0,END_OF_WAKE_WINDOW,349,0,2012-09-01 09:50:00,6,212,False,2,0,85,50,24,2012-09-01 03:55:00,1,15,0,2012-09-01 03:59:37,61,DAILY
7,2012-9-1,65,-1,0,92,2,1,0,END_OF_WAKE_WINDOW,470,-1,2012-09-02 12:40:00,13,254,False,9,0,181,67,37,2012-09-02 03:35:00,2,7,0,2012-09-02 03:38:16,55,DAILY
9,2012-9-3,5,-1,0,87,3,1,0,END_OF_WAKE_WINDOW,414,0,2012-09-04 09:50:00,8,255,False,7,0,116,59,27,2012-09-04 02:30:00,1,10,0,2012-09-04 02:33:59,62,DAILY
8,2012-9-4,35,0,0,83,3,0,0,END_OF_WAKE_WINDOW,359,0,2012-09-05 08:30:00,6,239,False,0,0,83,51,22,2012-09-05 01:50:00,0,10,0,2012-09-05 01:56:44,68,DAILY
11,2012-9-5,31,-1,0,92,3,0,0,END_OF_WAKE_WINDOW,423,0,2012-09-06 08:50:00,7,267,False,2,0,105,61,24,2012-09-06 01:05:00,1,12,0,2012-09-06 01:10:48,64,DAILY
8,2012-9-6,9,0,0,63,2,0,0,END_OF_WAKE_WINDOW,294,0,2012-09-07 10:35:00,7,160,False,0,0,97,41,32,2012-09-07 05:30:00,0,12,0,2012-09-07 05:35:33,56,DAILY
11,2012-9-7,12,0,0,94,3,0,0,END_OF_WAKE_WINDOW,456,0,2012-09-08 09:50:00,10,267,False,0,0,138,64,30,2012-09-08 02:00:00,0,11,0,2012-09-08 02:05:00,59,DAILY
9,2012-9-8,116,-1,0,99,3,0,0,END_OF_WAKE_WINDOW,437,0,2012-09-09 10:00:00,11,238,False,1,0,155,63,35,2012-09-09 00:15:00,1,10,0,2012-09-09 00:21:44,55,DAILY
9,2012-9-9,36,-1,0,83,3,0,0,END_OF_WAKE_WINDOW,315,0,2012-09-10 08:45:00,5,195,False,1,0,76,46,24,2012-09-10 01:45:00,1,14,0,2012-09-10 01:48:43,62,DAILY
14,2012-9-10,5,0,0,99,4,0,0,END_OF_WAKE_WINDOW,571,0,2012-09-11 10:10:00,16,287,False,0,0,220,80,38,2012-09-11 00:30:00,0,11,0,2012-09-11 00:36:00,51,DAILY
6,2012-9-11,21,0,0,83,3,0,0,END_OF_WAKE_WINDOW,383,0,2012-09-12 08:35:00,9,232,False,0,0,123,54,32,2012-09-12 01:35:00,0,7,0,2012-09-12 01:38:14,61,DAILY
11,2012-9-12,17,0,0,101,4,0,0,END_OF_WAKE_WINDOW,530,0,2012-09-13 10:20:00,14,283,False,0,0,196,75,37,2012-09-13 01:05:00,0,9,0,2012-09-13 01:11:28,54,DAILY
10,2012-9-13,7,0,0,93,3,0,0,END_OF_WAKE_WINDOW,452,0,2012-09-14 10:30:00,10,261,False,0,0,146,64,32,2012-09-14 02:45:00,0,10,0,2012-09-14 02:58:26,58,DAILY
8,2012-9-14,7,-1,0,68,3,0,0,END_OF_WAKE_WINDOW,338,0,2012-09-15 08:10:00,5,226,False,2,0,74,49,21,2012-09-15 02:20:00,1,11,0,2012-09-15 02:28:36,68,DAILY
7,2012-9-15,1,-1,0,89,3,1,0,END_OF_WAKE_WINDOW,438,0,2012-09-16 11:00:00,13,229,False,5,0,177,61,40,2012-09-16 03:35:00,2,7,0,2012-09-16 03:38:35,52,DAILY
6,2012-9-16,11,0,0,76,2,0,0,END_OF_WAKE_WINDOW,354,0,2012-09-17 08:30:00,8,218,False,0,0,109,49,30,2012-09-17 02:10:00,0,7,0,2012-09-17 02:28:37,63,DAILY
7,2012-9-17,2,-1,0,84,3,1,0,END_OF_WAKE_WINDOW,434,-1,2012-09-18 10:25:00,11,242,False,8,0,157,63,35,2012-09-18 03:00:00,1,7,0,2012-09-18 03:01:21,57,DAILY
9,2012-9-18,2,-1,0,78,2,0,0,END_OF_WAKE_WINDOW,390,0,2012-09-19 08:40:00,7,249,False,1,0,98,55,25,2012-09-19 02:05:00,2,10,0,2012-09-19 02:08:18,65,DAILY
6,2012-9-19,1,0,0,83,3,0,0,END_OF_WAKE_WINDOW,409,0,2012-09-20 10:05:00,10,236,False,0,0,144,58,35,2012-09-20 03:05:00,0,7,0,2012-09-20 03:09:57,58,DAILY
2,2012-9-20,2,-1,0,81,3,0,0,END_OF_WAKE_WINDOW,304,0,2012-09-21 09:55:00,12,128,False,3,0,167,43,54,2012-09-21 03:35:00,1,2,0,2012-09-21 03:36:44,44,DAILY
8,2012-9-21,5,-2,0,76,3,2,0,END_OF_WAKE_WINDOW,350,-1,2012-09-22 10:35:00,9,185,False,9,0,130,50,36,2012-09-22 04:10:00,3,9,0,2012-09-22 04:17:14,53,DAILY
5,2012-9-22,36,0,0,92,2,0,0,END_OF_WAKE_WINDOW,461,0,2012-09-23 11:20:00,12,270,False,1,0,168,65,36,2012-09-23 03:00:00,0,5,0,2012-09-23 03:12:55,59,DAILY
5,2012-9-23,1,0,0,56,2,0,0,END_OF_WAKE_WINDOW,282,0,2012-09-24 08:35:00,4,203,False,0,0,54,40,19,2012-09-24 03:50:00,0,9,0,2012-09-24 03:51:28,72,DAILY
3,2012-9-24,1,-1,0,82,4,0,0,END_OF_WAKE_WINDOW,263,0,2012-09-25 04:55:00,4,191,False,1,0,58,38,21,2012-09-24 23:40:00,1,5,0,2012-09-24 23:43:09,74,DAILY
4,2012-9-25,1,0,0,67,2,0,0,END_OF_WAKE_WINDOW,308,0,2012-09-26 08:25:00,7,182,False,0,0,105,44,33,2012-09-26 02:55:00,0,6,0,2012-09-26 02:59:06,61,DAILY
6,2012-9-27,20,0,0,90,3,0,0,END_OF_WAKE_WINDOW,421,0,2012-09-28 11:00:00,12,222,False,0,0,173,60,41,2012-09-28 03:30:00,0,6,0,2012-09-28 03:43:03,53,DAILY
5,2012-9-28,2,-2,0,76,0,30,0,END_OF_WAKE_WINDOW,244,-8,2012-09-29 08:35:00,6,132,False,107,0,87,36,24,2012-09-29 01:40:00,3,7,0,2012-09-29 01:45:10,39,DAILY
3,2012-9-30,1,-1,0,64,3,0,0,END_OF_WAKE_WINDOW,312,0,2012-09-30 11:30:00,11,141,False,1,0,155,44,49,2012-09-30 06:10:00,2,5,0,2012-09-30 06:15:01,46,DAILY
4,2012-10-1,1,-1,0,66,3,0,0,END_OF_WAKE_WINDOW,363,0,2012-10-02 09:55:00,9,221,False,1,0,122,52,33,2012-10-02 03:50:00,1,5,0,2012-10-02 03:54:44,62,DAILY
4,2012-10-2,15,0,0,71,3,0,0,END_OF_WAKE_WINDOW,424,0,2012-10-03 10:35:00,10,265,False,0,0,139,60,32,2012-10-03 03:25:00,0,4,0,2012-10-03 03:27:03,64,DAILY
10,2012-10-3,12,0,0,95,3,0,0,END_OF_WAKE_WINDOW,465,0,2012-10-04 09:05:00,9,284,False,0,0,132,67,28,2012-10-04 01:05:00,0,10,0,2012-10-04 01:07:18,62,DAILY
8,2012-10-4,2,-1,0,85,3,2,0,END_OF_WAKE_WINDOW,410,-1,2012-10-05 10:10:00,10,233,False,9,0,139,58,33,2012-10-05 03:05:00,2,9,0,2012-10-05 03:11:34,56,DAILY
8,2012-10-5,2,0,0,65,3,0,0,END_OF_WAKE_WINDOW,322,0,2012-10-06 08:30:00,5,211,False,0,0,75,45,23,2012-10-06 03:05:00,0,11,0,2012-10-06 03:07:01,66,DAILY
15,2012-10-10,9,-1,0,92,3,2,0,END_OF_WAKE_WINDOW,469,-1,2012-10-11 10:05:00,12,234,False,14,0,164,66,33,2012-10-11 01:50:00,2,14,0,2012-10-11 01:55:23,51,DAILY
6,2012-10-11,5,0,0,73,2,0,0,END_OF_WAKE_WINDOW,378,0,2012-10-12 10:20:00,9,217,False,0,0,133,54,35,2012-10-12 03:55:00,0,7,0,2012-10-12 03:59:49,58,DAILY
10,2012-10-12,25,-1,0,98,3,0,0,END_OF_WAKE_WINDOW,483,0,2012-10-13 09:25:00,11,281,False,2,0,155,68,31,2012-10-13 00:50:00,2,9,0,2012-10-13 00:55:45,60,DAILY
8,2012-10-13,18,0,0,86,3,0,0,END_OF_WAKE_WINDOW,417,0,2012-10-14 10:30:00,11,230,False,0,0,149,59,35,2012-10-14 03:10:00,0,9,0,2012-10-14 03:16:56,56,DAILY
9,2012-10-14,16,-1,0,92,0,0,0,END_OF_WAKE_WINDOW,442,0,2012-10-15 09:25:00,11,241,False,1,0,160,63,36,2012-10-15 01:40:00,1,9,0,2012-10-15 01:43:44,55,DAILY
9,2012-10-15,18,-1,0,86,3,0,0,END_OF_WAKE_WINDOW,456,0,2012-10-16 11:10:00,11,258,False,3,0,158,64,34,2012-10-16 03:10:00,2,8,0,2012-10-16 03:12:14,58,DAILY
8,2012-10-16,43,0,0,86,3,0,0,END_OF_WAKE_WINDOW,395,0,2012-10-17 08:45:00,8,243,False,0,0,112,56,28,2012-10-17 01:20:00,0,10,0,2012-10-17 01:29:27,62,DAILY
12,2012-10-17,10,0,0,96,4,0,0,END_OF_WAKE_WINDOW,467,0,2012-10-18 10:35:00,12,242,False,0,0,170,66,36,2012-10-18 02:30:00,0,11,0,2012-10-18 02:35:32,53,DAILY
8,2012-10-18,14,-2,0,87,3,1,0,END_OF_WAKE_WINDOW,432,-1,2012-10-19 11:30:00,11,233,False,8,0,160,62,36,2012-10-19 03:50:00,4,8,0,2012-10-19 03:54:58,55,DAILY
13,2012-10-19,14,-1,0,93,3,0,0,END_OF_WAKE_WINDOW,510,0,2012-10-20 11:35:00,13,264,False,1,0,183,73,35,2012-10-20 02:45:00,1,12,0,2012-10-20 02:48:23,53,DAILY
13,2012-10-20,7,-1,0,95,4,0,0,END_OF_WAKE_WINDOW,548,0,2012-10-21 10:55:00,13,310,False,1,0,179,77,32,2012-10-21 01:35:00,1,10,0,2012-10-21 01:38:43,58,DAILY
10,2012-10-21,22,-1,0,84,3,0,0,END_OF_WAKE_WINDOW,404,0,2012-10-22 08:45:00,7,265,False,2,0,93,57,22,2012-10-22 01:30:00,1,11,0,2012-10-22 01:36:25,67,DAILY
11,2012-10-22,17,-1,0,96,4,0,0,END_OF_WAKE_WINDOW,476,0,2012-10-23 10:50:00,11,268,False,2,0,156,67,32,2012-10-23 02:00:00,2,10,0,2012-10-23 02:06:01,58,DAILY
9,2012-10-23,21,-1,0,85,0,0,0,END_OF_WAKE_WINDOW,422,0,2012-10-24 08:55:00,7,276,False,4,0,102,60,24,2012-10-24 01:25:00,2,10,0,2012-10-24 01:26:49,66,DAILY
8,2012-10-24,17,-1,0,92,3,1,0,END_OF_WAKE_WINDOW,474,-1,2012-10-25 10:15:00,12,269,False,9,0,166,68,34,2012-10-25 01:50:00,1,8,0,2012-10-25 01:56:11,57,DAILY
11,2012-10-25,26,-1,0,86,3,0,0,END_OF_WAKE_WINDOW,418,0,2012-10-26 10:15:00,9,241,False,1,0,128,59,30,2012-10-26 02:50:00,1,11,0,2012-10-26 02:53:13,59,DAILY
10,2012-10-26,12,0,0,94,4,0,0,END_OF_WAKE_WINDOW,539,0,2012-10-27 11:40:00,14,288,False,0,0,203,77,37,2012-10-27 02:25:00,0,8,0,2012-10-27 02:27:28,55,DAILY
10,2012-10-28,12,-2,0,87,0,5,0,END_OF_WAKE_WINDOW,399,-1,2012-10-29 11:30:00,11,196,False,21,0,158,56,37,2012-10-29 04:15:00,4,10,0,2012-10-29 04:20:38,48,DAILY
12,2012-10-31,2,0,0,94,4,0,0,END_OF_WAKE_WINDOW,450,0,2012-11-01 09:35:00,8,280,False,0,0,114,64,25,2012-11-01 01:40:00,0,12,0,2012-11-01 01:42:13,63,DAILY
13,2012-11-1,1,-1,0,94,4,0,0,END_OF_WAKE_WINDOW,561,0,2012-11-02 11:05:00,14,309,False,1,0,192,79,34,2012-11-02 01:40:00,1,10,0,2012-11-02 01:42:17,56,DAILY
9,2012-11-2,21,-1,0,91,3,1,0,END_OF_WAKE_WINDOW,454,0,2012-11-03 12:25:00,11,254,False,7,0,156,64,33,2012-11-03 04:25:00,2,9,0,2012-11-03 04:31:19,57,DAILY
11,2012-11-3,27,-1,0,86,0,0,0,END_OF_WAKE_WINDOW,387,0,2012-11-04 09:15:00,7,242,False,2,0,95,54,24,2012-11-04 02:05:00,1,12,0,2012-11-04 02:07:13,64,DAILY
13,2012-11-5,13,0,0,95,4,0,0,END_OF_WAKE_WINDOW,467,0,2012-11-06 11:05:00,11,251,False,0,0,158,66,33,2012-11-06 03:05:00,0,12,0,2012-11-06 03:08:24,55,DAILY
5,2012-11-6,1,-1,0,63,2,0,0,END_OF_WAKE_WINDOW,307,0,2012-11-07 08:25:00,6,206,False,3,0,79,42,25,2012-11-07 03:05:00,2,7,0,2012-11-07 03:11:09,68,DAILY
8,2012-11-7,2,0,0,81,4,0,0,END_OF_WAKE_WINDOW,507,0,2012-11-08 10:05:00,13,282,False,0,0,186,72,36,2012-11-08 01:35:00,0,7,0,2012-11-08 01:38:06,57,DAILY
13,2012-11-8,2,-1,0,88,0,1,0,END_OF_WAKE_WINDOW,487,0,2012-11-09 10:30:00,12,251,False,5,0,173,69,35,2012-11-09 02:10:00,2,12,0,2012-11-09 02:15:59,52,DAILY
14,2012-11-9,8,0,0,86,4,0,0,END_OF_WAKE_WINDOW,497,0,2012-11-10 10:55:00,11,283,False,0,0,150,70,30,2012-11-10 02:20:00,0,13,0,2012-11-10 02:25:36,57,DAILY
12,2012-11-10,20,0,0,92,3,0,0,END_OF_WAKE_WINDOW,441,0,2012-11-11 12:00:00,8,266,False,0,0,118,63,26,2012-11-11 03:50:00,0,13,0,2012-11-11 03:56:17,61,DAILY
10,2012-11-11,26,-1,0,90,2,1,0,END_OF_WAKE_WINDOW,455,-1,2012-11-12 10:10:00,9,277,False,8,0,130,66,28,2012-11-12 02:00:00,1,10,0,2012-11-12 02:03:35,61,DAILY
9,2012-11-12,36,0,0,87,3,0,0,END_OF_WAKE_WINDOW,432,0,2012-11-13 10:05:00,8,280,False,0,0,108,61,25,2012-11-13 02:15:00,0,10,0,2012-11-13 02:18:01,65,DAILY
12,2012-11-13,9,0,0,81,0,0,0,END_OF_WAKE_WINDOW,393,0,2012-11-14 08:50:00,5,267,False,0,0,68,56,17,2012-11-14 01:45:00,0,14,0,2012-11-14 01:49:58,69,DAILY
12,2012-11-14,24,0,0,87,3,0,0,END_OF_WAKE_WINDOW,440,0,2012-11-15 10:10:00,9,254,False,0,0,131,62,29,2012-11-15 02:15:00,0,12,0,2012-11-15 02:21:02,59,DAILY
10,2012-11-16,13,0,0,86,3,0,0,END_OF_WAKE_WINDOW,426,0,2012-11-17 08:35:00,8,267,False,0,0,112,60,26,2012-11-17 01:20:00,0,11,0,2012-11-17 01:25:09,63,DAILY
11,2012-11-18,2,0,0,76,0,0,0,END_OF_WAKE_WINDOW,396,0,2012-11-19 09:00:00,7,251,False,0,0,94,56,23,2012-11-19 02:10:00,0,13,0,2012-11-19 02:23:08,64,DAILY
10,2012-11-19,2,-1,0,86,3,0,0,END_OF_WAKE_WINDOW,421,0,2012-11-20 10:15:00,9,241,False,2,0,134,60,31,2012-11-20 02:35:00,2,10,0,2012-11-20 03:00:49,59,DAILY
11,2012-11-20,13,0,0,84,3,0,0,END_OF_WAKE_WINDOW,377,0,2012-11-21 08:45:00,5,259,False,0,0,65,53,17,2012-11-21 01:35:00,0,13,0,2012-11-21 02:00:50,70,DAILY
9,2012-11-22,12,0,0,83,3,0,0,END_OF_WAKE_WINDOW,404,0,2012-11-23 11:15:00,10,222,False,0,0,140,57,34,2012-11-23 03:40:00,0,10,0,2012-11-23 03:42:41,56,DAILY
